1,திருக்குறள்,திருவள்ளுவர்,நீதிநெறி – பதினெண்கீழ்க்கணக்கு
2,ஆத்திசூடி,ஒளவையார்,நீதிநெறி நூல்கள்
3,கொன்றை வேந்தன்,ஒளவையார்,நீதிநெறி நூல்கள்
4,நல்வழி,ஒளவையார்,நீதிநெறி நூல்கள்
5,மூதுரை,ஒளவையார்,நீதிநெறி நூல்கள்
6,திருவாசகம் - 1 (1-10),மாணிக்க வாசகர்,சமயம் - சைவம்
7,திருவாசகம் - 2 (11-51),மாணிக்க வாசகர்,சமயம் - சைவம்
8,திருமந்திரம் (தந்திரங்கள் - 1; 2),திருமூலர்,சமயம் - சைவம்
9,நாலாயிர திவ்ய பிரபந்தம் / திருப்பல்லாண்டு,பெரியாழ்வார்,சமயம் - வைணவம்
10,நாலாயிர திவ்ய பிரபந்தம் / திருமொழி,பெரியாழ்வார்,சமயம் - வைணவம்
11,நாலாயிர திவ்ய பிரபந்தம் / திருப்பாவை,ஆண்டாள்,சமயம் - வைணவம்
12,நாலாயிர திவ்ய பிரபந்தம் / நாச்சியார் திருமொழி,ஆண்டாள்,சமயம் - வைணவம்
13,நாலாயிர திவ்ய பிரபந்தம் / பெருமாள் திருமொழி,குலசேகரப் பெருமாள்,சமயம் - வைணவம்
14,நாலாயிர திவ்ய பிரபந்தம் / திருச்சந்த விருத்தம்,திருமழிசைபிரான்,சமயம் - வைணவம்
15,நாலாயிர திவ்ய பிரபந்தம் / திருப்பள்ளியெழுச்சி,தொண்டரடிப்பொடி ஆழ்வார்,சமயம் - வைணவம்
16,நாலாயிர திவ்ய பிரபந்தம் / அமலநாதிபிரான்,திருப்பாணாழ்வார்,சமயம் - வைணவம்
17,நாலாயிர திவ்ய பிரபந்தம் / கண்ணி நூற்றைம்பது,மதுர கவிராயர்,சமயம் - வைணவம்
18,நாலாயிர திவ்ய பிரபந்தம் / திருமாலை,தொண்டரடிப்பொடி ஆழ்வார்,சமயம் - வைணவம்
19,நாலாயிர திவ்ய பிரபந்தம் / பெரிய திருமொழி,திருமங்கை ஆழ்வார்,சமயம் - வைணவம்
20,நாலாயிர திவ்ய பிரபந்தம் / சிறிய திருமுறை,திருமங்கை ஆழ்வார்,சமயம் - வைணவம்
21,நாலாயிர திவ்ய பிரபந்தம் / திருக்குறுந்தாண்டகம்,திருமங்கை ஆழ்வார்,சமயம் - வைணவம்
22,நாலாயிர திவ்ய பிரபந்தம் / திருநெடுந்தாண்டகம்,திருமங்கை ஆழ்வார்,சமயம் - வைணவம்
23,நாலாயிர திவ்ய பிரபந்தம் / திருவந்தாதி /1,பொய்கையாழ்வார்,சமயம் - வைணவம்
24,நாலாயிர திவ்ய பிரபந்தம் / திருவந்தாதி /2,பூதத்தாழ்வார்,சமயம் - வைணவம்
25,நாலாயிர திவ்ய பிரபந்தம் / திருவந்தாதி /3,பேயாழ்வார்,சமயம் - வைணவம்
26,நாலாயிர திவ்ய பிரபந்தம் / திருவாசிரியம்,நம்மாழ்வார்,சமயம் - வைணவம்
27,நாலாயிர திவ்ய பிரபந்தம் / திருவிருத்தம்,நம்மாழ்வார்,சமயம் - வைணவம்
28,நாலாயிர திவ்ய பிரபந்தம் / திருவெழுகூற்றிருக்கை,திருமங்கை ஆழ்வார்,சமயம் - வைணவம்
29,நாலாயிர திவ்ய பிரபந்தம் / நான்முகன் திருவந்தாதி,திருமழிசை ஆழ்வார்,சமயம் - வைணவம்
30,நாலாயிர திவ்ய பிரபந்தம் / பெரிய திருமடல்,திருமங்கை ஆழ்வார்,சமயம் - வைணவம்
31,நாலாயிர திவ்ய பிரபந்தம் / பெரிய திருவந்தாதி,நம்மாழ்வார்,சமயம் - வைணவம்
32,இராமானுஜ நூற்றந்தாதி,திருவரங்கத்து அமுதனார்,சமயம் - வைணவம்
33,நாலாயிர திவ்ய பிரபந்தம் / திருவாய்மொழி,நம்மாழ்வார்,சமயம் - வைணவம்
34,நாலாயிர திவ்ய பிரபந்தம் /4,பல ஆசிரியர்கள்,சமயம் - வைணவம்
35,திருமந்திரம் - 2 (3-6 தந்திரங்கள்),திருமூலர்,சமயம் - சைவம்
36,திருமுறை 10 /திருமந்திரம்,திருமூலர்,சமயம் - சைவம்
37,திருமந்திரம் - 3 (7-9 தந்திரங்கள்),திருமூலர்,சமயம் - சைவம்
38,திருமுறை 10 /திருமந்திரம்,திருமூலர்,சமயம் - சைவம்
39,தண்ணீர் தேசம்,வைரமுத்து,கவிதைத் தொகுப்பு
40,தேசிய கீதங்கள்,சி. சுப்ரமணிய பாரதியார்,கவிதைத் தொகுப்பு
41,தெய்வப் பாடல்கள்,சி. சுப்ரமணிய பாரதியார்,கவிதைத் தொகுப்பு
42,தேசிக பிரபந்தம்,வேதாந்த தேசிகர்,சமயம் - வைணவம்
43,பகவத் கீதை /தமிழாக்கம்; விளக்கவுரை,சி. சுப்ரமணிய பாரதியார்,நீதிநெறி நூல்கள்
44,நளவெண்பா,புகழேந்திப் புலவர்,இலக்கியம் - வெண்பா 
45,நாலடியார்,பல ஆசிரியர்கள்,நீதிநெறி – பதினெண்கீழ்க்கணக்கு
46,திருக்குறள் /ஆங்கில மொழியாக்கம் (tirukkural - English translation),சுத்தானந்த பாரதியார்,நீதிநெறி – பதினெண்கீழ்க்கணக்கு
47,திருவருட்பா /திருமுறை 1 (பாடல்கள் 1-570),இராமலிங்க அடிகள்,சமயம் - சைவம்
48,திருவருட்பா /திருமுறை 2.1 (பாடல்கள்571-1006 ),இராமலிங்க அடிகள்,சமயம் - சைவம்
49,விவிலியம்  /புதிய ஏற்பாடு /மத்தேயு,விவிலியம்,சமயம் – கிருத்துவம்
50,விவிலியம்  /புதிய ஏற்பாடு /மார்க்கு,விவிலியம்,சமயம் – கிருத்துவம்
51,நடராசப் பத்து,முனிசாமி முதலியார்; சிருமாவூர்,சமயம் - சைவம் 
52,சுய சரிதை,சி. சுப்ரமணிய பாரதியார்,வரலாறு - சரித்திரம் 
53,ஞானப் பாடல்கள்,சி. சுப்ரமணிய பாரதியார்,கவிதைத் தொகுப்பு
54,பல்வகைப் பாடல்கள்,சி. சுப்ரமணிய பாரதியார்,கவிதைத் தொகுப்பு
55,உலகநீதி,உலகநாதர்,நீதிநெறி நூல்கள்
56,கந்தர் அலங்காரம்,அருணகிரிநாதர்,சமயம் - சைவம்
57,கந்தர் அநுபூதி,அருணகிரிநாதர்,சமயம் - சைவம்
58,வேல் விருத்தம்; மயில் விருத்தம்; சேவல் விருத்தம்,அருணகிரிநாதர்,சமயம் - சைவம்
59,ஆசாரக் கோவை,பெருவாயின் முள்ளியார்,நீதிநெறி – பதினெண்கீழ்க்கணக்கு
60,இன்னா நாற்பது,கபிலர்,நீதிநெறி – பதினெண்கீழ்க்கணக்கு
61,இனியவை நாற்பது,பூதஞ்சேந்தனார்,நீதிநெறி – பதினெண்கீழ்க்கணக்கு
62,களவழி நாற்பது,பொய்கையார்,நீதிநெறி – பதினெண்கீழ்க்கணக்கு
63,முதுமொழிக் காஞ்சி,மதுரை கூடலூர் கிழார்,நீதிநெறி – பதினெண்கீழ்க்கணக்கு
64,அபிராமி அந்தாதி,அபிராமி பட்டர்,சமயம் - சைவம் 
65,அபிராமி அம்மைப் பதிகம்,அபிராமி பட்டர்,சமயம் - சைவம் 
66,அபிராமி அந்தாதி /விளக்கஉரை,கண்ணதாசன்,சமயம் - சைவம் 
67,இன்னிலை,பொய்கையார்,நீதிநெறி – பதினெண்கீழ்க்கணக்கு
68,ஐந்திணை ஐம்பது,மாறன் பொறையனார்,நீதிநெறி – பதினெண்கீழ்க்கணக்கு
69,ஐந்திணை எழுபது,மூவாதியார்,நீதிநெறி – பதினெண்கீழ்க்கணக்கு
70,திணைமொழி ஐம்பது,கண்ணன் சேந்தனார்,நீதிநெறி – பதினெண்கீழ்க்கணக்கு
71,ஐங்குறு நூறு,பல ஆசிரியர்கள் (5),சங்ககாலம் – எட்டுத்தொகை
72,ஏலாதி; சிறு பஞ்ச மூலம்,கணிமேதாவியார்,நீதிநெறி – பதினெண்கீழ்க்கணக்கு
73,கார் நாற்பது,மதுரை கண்ணன் கூத்தனார்,நீதிநெறி – பதினெண்கீழ்க்கணக்கு
74,சிறு பஞ்ச மூலம்,காரியாசான்,நீதிநெறி – பதினெண்கீழ்க்கணக்கு
75,விவிலியம்  /புதிய ஏற்பாடு /2,விவிலியம்,சமயம் – கிருத்துவம்
76,விவிலியம்  /புதிய ஏற்பாடு /யோவான்,விவிலியம்,சமயம் – கிருத்துவம்
77,விவிலியம்  /புதிய ஏற்பாடு /லூக்கு,விவிலியம்,சமயம் – கிருத்துவம்
78,திருவருட்பா /அகவல்,இராமலிங்க அடிகள்,சமயம் - சைவம் 
79,வடிவுடை மாணிக்க மாலை,இராமலிங்க அடிகள்,சமயம் - சைவம் 
80,கலேவலா - தமிழாக்கம் - 1,உதயணன்,இலக்கியம் 
81,கலேவலா - தமிழாக்கம் - 2,உதயணன்,இலக்கியம் 
82,சண்முக கவசம்,பாம்பன் குமரகுருதாச சுவாமிகள்,சமயம் - சைவம் 
83,கந்த சஷ்டி கவசம் (6 கந்தர் கவசங்கள்),தேவராய சுவாமிகள்,சமயம் - சைவம் 
84,கந்த குரு கவசம்,சாந்தானந்த சுவாமிகள்,சமயம் - சைவம் 
85,சூளாமணி,தோலாமொழித் தேவர்,காப்பியம் 
86,பழமொழி நானூறு,முன்றுறையரையனார்,நீதிநெறி – பதினெண்கீழ்க்கணக்கு
87,அழகின் சிரிப்பு,பாரதிதாசன்,கவிதைகள்
88,பதிற்றுப்பத்து,பல ஆசிரியர்கள்,சங்ககாலம் – எட்டுத்தொகை
89,விவிலியம்  /புதிய ஏற்பாடு /ஏக்ட்ஸ்,விவிலியம்,சமயம் – கிருத்துவம்
90,தமிழ் விடுதூது,மதுரை சொக்கநாதர்,பிரபந்தம் - தூது 
91,விவிலியம்  /புதிய ஏற்பாடு /கொரிந்தியர்கள்,விவிலியம்,சமயம் – கிருத்துவம்
92,விவிலியம்  /புதிய ஏற்பாடு /எஸியன்ஸ்,விவிலியம்,சமயம் – கிருத்துவம்
93,விவிலியம்  /புதிய ஏற்பாடு /காலாசியர்கள்,விவிலியம்,சமயம் – கிருத்துவம்
94,விவிலியம்  /புதிய ஏற்பாடு /ஹீப்ரு,விவிலியம்,சமயம் – கிருத்துவம்
95,விவிலியம்  /புதிய ஏற்பாடு /பிலமோன்,விவிலியம்,சமயம் – கிருத்துவம்
96,விவிலியம்  /புதிய ஏற்பாடு /தெஸலோனியர்கள்,விவிலியம்,சமயம் – கிருத்துவம்
97,விவிலியம்  /புதிய ஏற்பாடு /திமோதி,விவிலியம்,சமயம் – கிருத்துவம்
98,மதுரை மீனாட்சிஅம்மை பிள்ளைத்தமிழ்,குமரகுருபரர்,பிரபந்தம் - பிள்ளைத்தமிழ் 
99,கலேவலா - தமிழாக்கம் - 3,உதயணன், காப்பியம் 
100,மதுரைக் கலம்பகம்,குமரகுருபரர்,பிரபந்தம் - கலம்பகம் 
101,சிலப்பதிகாரம் /பாகம் 1 /புகார்க்காண்டம்,இளங்கோ அடிகள்,காப்பியம்
102,நான்மணிக்கடிகை,விளம்பிநாகனார்,நீதிநெறி – பதினெண்கீழ்க்கணக்கு
103,திரிகடுகம்,நல்லாதனார்,நீதிநெறி – பதினெண்கீழ்க்கணக்கு
104,கண்ணன் பாட்டு,சி. சுப்ரமணிய பாரதியார்,பாடல்கள் - தொகுப்பு 
105,குயில் பாட்டு,சி. சுப்ரமணிய பாரதியார்,பாடல்கள் - தொகுப்பு 
106,பாரதியார் பாடல்கள் - 3,சி. சுப்ரமணிய பாரதியார்,பாடல்கள் - தொகுப்பு 
107,மதுராபுரி அம்பிகைமாலை,குலசேகர பாண்டியன்,பிரபந்தம் - மாலை 
108,இன்னிலை,பொய்கையார்,நீதிநெறி – பதினெண்கீழ்க்கணக்கு
109,கைந்நிலை,புல்லங்காடனார்,நீதிநெறி – பதினெண்கீழ்க்கணக்கு
110,சரஸ்வதி அந்தாதி,கம்பர்,பிரபந்தம் - அந்தாதி 
111,சடகோபர் அந்தாதி,கம்பர்,பிரபந்தம் - அந்தாதி 
112,முல்லைப் பாட்டு/ஆராய்ச்சி,மறைமலை அடிகள்,சங்ககாலம் - பத்துப்பாட்டு
113,திருச்சிற்றம்பலக் கோவையார்,மாணிக்க வாசகர்,சமயம்
114,திருமுறை 8/ திருச்சிற்றம்பலக் கோவையார்,மாணிக்க வாசகர்,சமயம்
115,யாப்பெருங்கலக் காரிகை,அமிதசாகரர்,இலக்கணம்
116,திணைமாலை நூற்றைம்பது,கணிமேதையார்,நீதிநெறி – பதினெண்கீழ்க்கணக்கு
117,புறநானூறு,,சங்ககாலம் – எட்டுத்தொகை
118,ஏழாண்டு இலக்கிய வளர்ச்சி,மு. தளையசிங்கம்,வரலாறு 
119,விவேக சிந்தாமணி,,நீதிநெறி நூல்கள்
120,ஆதிநாதன் வளமடல்,செயங்கொண்டார்,பிரபந்தம் - மடல்  
121,காரானை விழுப்பரையன் மடல்,செயங்கொண்டார்,பிரபந்தம் - மடல் 
122,பழைய இராமயணம்,,காப்பியம் 
123,வளையாபதி,,காப்பியம் 
124,பொருநாறாற்றுப்படை,முடத்தாமக்கண்ணியார்,சங்ககாலம் - பத்துப்பாட்டு
125,சிறுபாணாற்றுப்படை,நத்தத்தனார்,சங்ககாலம் - பத்துப்பாட்டு
126,அகங்களும் முகங்களும்,சு. வில்வரத்தினம்,கவிதைத் தொகுப்பு
127,அழியா நிழல்கள்,எம்.ஏ. நுஃமான்,கவிதைத் தொகுப்பு
128,திருமுருகாற்றுப்படை,நக்கீரர்,சங்ககாலம் - பத்துப்பாட்டு
129,இருபா இருபஃது,அருணந்தி சிவாச்சாரியார் ,சைவ சித்தாந்தம்
130,உண்மை விளக்கம்,மணவாசகங் கடனார்,சங்ககாலம் - பத்துப்பாட்டு
131,பெரும்பாணாற்றுப்படை,கடியலூர் உருத்திரங்கண்ணனார்,சங்ககாலம் - பத்துப்பாட்டு
132,நெடுநல் வாடை,நக்கீரர்,சங்ககாலம் - பத்துப்பாட்டு
133,மதுரைக் காஞ்சி,மாங்குடி மருதனார்,சங்ககாலம் - பத்துப்பாட்டு
134,நாமக்கல் கவிஞர் பாடல்கள் - 1,நாமக்கல் இராமலிங்கம் பிள்ளை,பாடல்கள் - தொகுப்பு 
135,குறிஞ்சிப் பாட்டு,கபிலர்,சங்ககாலம் - பத்துப்பாட்டு
136,சித்தர் பாடல்கள் (மெய்ஞ்ஞானப் புலம்பல்),பத்ரகிரியார்,சித்தர் பாடல்கள் 
137,திருக்கடவூர் பதிகங்கள்,அபிராமி பட்டர்,சமயம் - சைவம்  
138,சித்தர் பாடல்கள் தொகுப்பு,அழுகணிச் சித்தர்; இராமதேவர்; கடுவெளிச் சித்தர்; குதம்பைச் சித்தர்; சட்டைமுனி ; திருமூல நாயனார்; திருவள்ளுவர்,சித்தர் பாடல்கள் 
139,பட்டினப்பாலை,கடியலூர் உருத்திரங்கண்ணனார்,சங்ககாலம் - பத்துப்பாட்டு
140,மலைபடு கடாம்,பெருங்கௌசிகனார்,சங்ககாலம் - பத்துப்பாட்டு
141,நாமக்கல் கவிஞர் பாடல்கள் - 2,நாமக்கல் இராமலிங்கம் பிள்ளை,பாடல்கள் - தொகுப்பு 
142,சிவஞான போதம்,மெய்கண்ட தேவர்,சைவ சித்தாந்தம்
143,திருவருட்பயன்,உமாபதி சிவாச்சாரியார்,சைவ சித்தாந்தம்
144,மோகவாசல் (சிறுகதைத் தொகுப்பு),ரஞ்சகுமார்,சிறுகதைகள் தொகுப்பு
145,சித்தர் (பட்டினத்தார்) பாடல்கள்,பட்டினத்துப் பிள்ளையார்,சித்தர் பாடல்கள் 
146,தமிழ் இயக்கம்,பாரதிதாசன்,கட்டுரைகள் 
147,நாமக்கல் கவிஞர் பாடல்கள் - 3,நாமக்கல் இராமலிங்கம் பிள்ளை,பாடல்கள் - தொகுப்பு 
148,இருண்ட வீடு,பாரதிதாசன்,காவியம்
149,பரிபாடல்,பல ஆசிரியர்கள் (13),சங்ககாலம் – எட்டுத்தொகை
150,பரிபாடல் திரட்டு,,சங்ககாலம் – எட்டுத்தொகை
151,மரணத்தில் வாழ்வோம் (கவிதை தொகுப்பு),பல ஆசிரியர்கள்,கவிதைத் தொகுப்பு 
152,குடும்ப விளக்கு,பாரதிதாசன்,காவியம்
153,காதல் நினைவுகள்,பாரதிதாசன்,கவிதைகள்
154,பாஞ்சாலி சபதம் -பாகம் 1 (சருக்கம் 1, 2),சி. சுப்ரமணிய பாரதியார்,பாடல்கள் - தொகுப்பு 
155,திருமுறை 9 /திருஇசைப்பா,சேந்தனார்,சமயம் - சைவம்
156,திருமுறை 9 /திருஇசைப்பா,கருவூர்த்தேவர்,சமயம் - சைவம்
157,திருமுறை 9 /திருஇசைப்பா,பூந்துருத்திநம்பி காடநம்பி,சமயம் - சைவம்
158,திருமுறை 9 /திருஇசைப்பா,கண்டராதித்தர்,சமயம் - சைவம்
159,திருமுறை 9 /திருஇசைப்பா,வேணாட்டடிகள்,சமயம் - சைவம்
160,திருமுறை 9 /திருஇசைப்பா,திருவாலியமுதனார்,சமயம் - சைவம்
161,திருமுறை 9 /திருஇசைப்பா,திருமாளிகைத்தேவர்,சமயம் - சைவம்
162,இசை அமுது,பாரதிதாசன்,இசைப்பாடல்	
163,திருவாசகம் (ஆங்கில மொழிபெயர்ப்பு) - பாகம் 1 (tiruvAcagam or Sacred Utterances - part 1),ஜி.யூ. போப் /மாணிக்க வாசகர் (G.U. Pope / mAnikkavACagar),சமயம் - சைவம்
164,சந்திரிகையின் கதை,சி. சுப்ரமணிய பாரதியார்,சிறுகதைகள் தொகுப்பு
165,முகம் கொள்,கி.பி. அரவிந்தன் ,கவிதைகள் தொகுப்பு
166,இனி ஒரு வைகறை,கி.பி. அரவிந்தன் ,கவிதைகள் தொகுப்பு
167,கனவின் மீதி,கி.பி. அரவிந்தன் ,கவிதைகள் தொகுப்பு
168,காற்றுவழிக் கிராமம்,சு. வில்வரத்தினம்,கவிதைத் தொகுப்பு
169,தொல்காப்பியம்,தொல்காப்பியர்,இலக்கணம்
170,நேமிநாதம்,குணவீர பண்டிதர்,இலக்கணம்
171,ஒப்பியல் இலக்கியம்,கே. கைலாசபதி,இலக்கியக் கட்டுரைகள்
172,அழகர் கிள்ளை விடுதூது,சொக்கநாதப்புலவர்,பிரபந்தம் - தூது
173,பாண்டியன் பரிசு,பாரதிதாசன்,காவியம்
174,மனோண்மணீயம்,சுந்தரம் பிள்ளை,இலக்கியம் 
175,திருக்குற்றாலக் குறவஞ்சி,திருக்கூட ராசப்பக் கவிராயர்,பிரபந்தம் - குறவஞ்சி
176,திருக்குற்றால மாலை,திருக்கூட ராசப்பக் கவிராயர்,பிரபந்தம் - மாலை 
177,திருக்குற்றாலப் பதிகம்,திருஞான சம்பந்தர்,பிரபந்தம் - பதிகம் 
178,திருக்குறும்பாலப் பதிகம்,திருஞான சம்பந்தர்,சமயம் - சைவம்
179,அறியப்படாதவர்கள்நினைவாக,அ. யேசுராசா,கவிதைகள்
180,இளைஞர் இலக்கியம்,பாரதிதாசன்,கவிதை
181,திருமலையாண்டவர் குறவஞ்சி,,பிரபந்தம் - குறவஞ்சி 
182,குறுந்தொகை,பல ஆசிரியர்கள்,சங்ககாலம் – எட்டுத்தொகை
183,சிலப்பதிகாரம் /பாகம் 2 /மதுரைக்காண்டம்,இளங்கோ அடிகள்,காப்பியம் 
184,சிலப்பதிகாரம் /பாகம் 3 /வஞ்சிக்காண்டம்,இளங்கோ அடிகள்,காப்பியம் 
185,கோதை நாச்சியார் தாலாட்டு,,சமயம் - வைணவம் 
186,வடமலை நிகண்டு,ஈஸ்வர பாரதி,இலக்கணம்
187,உண்மை நெறி விளக்கம்,உமாபதி சிவம்,சைவ சித்தாந்தம்
188,கொடிக்கவி,உமாபதி சிவம்,சைவ சித்தாந்தம்
189,போற்றீப்பஃறொடை,உமாபதி சிவம்,சைவ சித்தாந்தம்
190,சிவப்பிரகாசம்,உமாபதி சிவம்,சைவ சித்தாந்தம்
191,நெஞ்சு விடு தூது,உமாபதி சிவம்,சைவ சித்தாந்தம்
192,வினா வெண்பா,உமாபதி சிவம்,சைவ சித்தாந்தம்
193,(மூவருலா) விக்கிரம சோழனுலா, ,ஒட்டக்கூத்தர்,பிரபந்தம் - உலா
194,இருபதாம் நூற்றாண்டு ஈழத்தமிழ் இலக்கியம்,மௌனகுரு; சித்ரலேகா; நூமான், இலக்கிய வரலாறு
195,சூடாமணி நிகண்டு,மண்டல புருடர்,இலக்கணம்
196,பரத சேனாபதீயம்,,கலை சார்ந்த நூல்கள் 
197,திருஉந்தியார்,உய்யவந்ததேவ நாயனார்,சமயம் - சைவம் 
198,திருக்களிற்றுப்படியார்,,சைவ சித்தாந்தம்
199,முத்தொள்ளாயிரம்,,சமயம் - சைவம் 
200,காகம் கலைத்த கனவு,சோலைக்கிளி,கட்டுரைகள் 
201,கலிங்கத்துப்பரணி,செயங்கொண்டார்,பிரபந்தம் - பரணி
202,திருவருட்பா /திருமுறை 3 (பாடல்கள்1959 -2570),இராமலிங்க அடிகள்,சமயம் - சைவம்
203,திருவருட்பா /திருமுறை 4 (பாடல்கள்2571 - 3028),இராமலிங்க அடிகள்,சமயம் - சைவம்
204,திருமுறை 11-1 /பாசுரங்கள்,திருஆலவாய் உடையார்,சமயம் - சைவம்
205,திருமுறை 11-1 /பாசுரங்கள்,காரைக்கால் அம்மையார்,சமயம் - சைவம்
206,திருமுறை 11-1 /பாசுரங்கள்,ஐயடிகள் காடவர்கோன் நாயனார்,சமயம் - சைவம்
207,திருமுறை 11-1 /பாசுரங்கள்,சேரமான் பெருமாள் நாயனார்,சமயம் - சைவம்
208,திருமுறை 11-1 /பாசுரங்கள்,நக்கீரதேவ நாயனார்,சமயம் - சைவம்
209,திருமுறை 11-1 /பாசுரங்கள்,கல்லாடதேவ நாயனார்,சமயம் - சைவம்
210,திருமுறை 11-1 /பாசுரங்கள்,பரணதேவ நாயனார்,சமயம் - சைவம்
211,திருமுறை 11-1 /பாசுரங்கள்,இளம்பெருமான் அடிகள்,சமயம் - சைவம்
212,திருமுறை 11-1 /பாசுரங்கள்,அதிராவடிகள்,சமயம் - சைவம்
213,திருமுறை 11-2 /பாசுரங்கள்,பட்டினத்துப் பிள்ளையார்,சமயம் - சைவம்
214,திருமுறை 11-2 /பாசுரங்கள்,நம்பியாண்டார் நம்பி,சமயம் - சைவம்
215,திருவருட்பா /திருமுறை 5 (பாடல்கள் 3029-3266),இராமலிங்க அடிகள்,சமயம் - சைவம்
216,பிரபந்தத்திரட்டு - பகுதி 1,தி. மீனாட்சிசுந்தரம் பிள்ளை,பிரபந்தத் திரட்டு
217,திருவருட்பா /திருமுறை 6.1 (பாடல்கள் 3267 -3871),இராமலிங்க அடிகள்,சமயம் - சைவம்
218,சிறுகதைத் தொகுப்பு- 1,இரா. கார்த்திகேசு,சிறுகதைகள் - தொகுப்பு
219,மகா பரத சூடாமணி,,கலை - நாடகம்
220,சங்கற்ப நிராகரணம்,உமாபதி சிவம்,சைவ சித்தாந்தம்
221,பாண்டிய; சோழ; விஜயநகர அரசர் மெய்கீர்த்திகள்,,ஒளைச் சுவடி நூல்கள்
222,திருவருட்பா /திருமுறை 6.2 (பாடல்கள் 3872 - 4614),இராமலிங்க அடிகள்,சமயம் - சைவம்
223,திருவருட்பா /தனிப்பாடல்கள்,இராமலிங்க அடிகள்,சமயம் - சைவம்
224,திருவருட்பா /திருமுறை 2.2 (பாடல்கள் 1007 - 1958),இராமலிங்க அடிகள்,சமயம் - சைவம்
225,சோமேசர் முதுமொழி வெண்பா,சிவஞான முனிவர்,பிரபந்தம் - வெண்பா
226,நீதி வெண்பா,,சைவ சித்தாந்தம்
227,நால்வர் நான்மணி மாலை,துறைமங்கலம் சிவப்பிரகாச சுவாமிகள்,பிரபந்தம் - மாலை
228,நன்னெறி,துறைமங்கலம் சிவப்பிரகாச முனிவர், நீதி நூல்கள்
229,வெற்றிவேற்கை,அதிவீரராம பாண்டியன், நீதி நூல்கள்
230,சிறுகதைத் தொகுப்பு-2,இரா. கார்த்திகேசு,சிறுகதைகள் - தொகுப்பு
231,மணிமேகலை,சீத்தலைச்சாத்தனார்,காப்பியம்
232,நந்திக்கலம்பகம்,,பிரபந்தம் - கலம்பகம்
233,கலேவலா - உரைநடையில் கலேவலா,உதயணன்,காவியம்; மொழிபெயர்ப்பு
234,சகலகலாவல்லிமாலை,குமரகுருபரர்,பிரபந்தம் - மாலை
235,திருச்செந்துார் கந்தர் கலிவெண்பா,குமரகுருபரர்,பிரபந்தம் - கலிவெண்பா
236,நீதி நெறி விளக்கம்,குமரகுருபரர், நீதிநெறி நூல்கள்
237,தண்டி அலங்காரம்,தண்டியாசிரியர்,இலக்கணம்
238,திருவருட்பா /திருமுறை 6.3 (பாடல்கள் 4615-5818),இராமலிங்க அடிகள்,சமயம் - சைவம்
239,நன்னூல்,பவநந்தி முனிவர்,இலக்கணம்
240,காதலினால் அல்ல,இரா. கார்த்திகேசு,நாவல் / புதினம் 
241,எண்ணெய்ச் சிந்து,,பிரபந்தம் - சிந்து 
242,கந்தன் மணம்புரி சிந்து,சண்முகதாசன்,பிரபந்தம் - சிந்து 
243,சித்தராரூட நொண்டிச்சிந்து,,பிரபந்தம் - சிந்து 
244,சுப்பிரமணியர் மேல் சிந்து,,பிரபந்தம் - சிந்து 
245,பழனியாண்டவர் காவடிச்சிந்து,முத்துக் கறுப்பண்ணன்,பிரபந்தம் - சிந்து 
246,தேவாரம் - முதல் திருமுறை; பாகம் 1 (பாடல்கள் 1-721),திருஞான சம்பந்தர்,சமயம் - சைவம்
247,தேவாரம் - முதல் திருமுறை; பாகம் 2 (பாடல்கள் 722-1469),திருஞான சம்பந்தர்,சமயம் - சைவம்
248,நன்னூல் - மற்றொரு பதிப்பு,பவநந்தி முனிவர்,இலக்கணம்
249,திருக்குறள் - ஆங்கில மொழிபெயர்ப்பு,ஜி.யூ. போப் மற்றும் பலர்,மொழிபெயர்ப்பு
250,ஏரெழுபது,கம்பர்,இலக்கியம் 
251,திருக்கை வழக்கம்,கம்பர்,இலக்கியம் - கலிவெண்பா
252,எக்காலக் கண்ணி,,ஓலைச்சுவடி நூல்
253,விவிலியம் /புதிய ஏற்பாடு -6 /யாக்கோப்பு திருமுகம்,விவிலியம்,சமயம் – கிருத்துவம்
254,விவிலியம் /புதிய ஏற்பாடு -6 /பேதுரு முதல்; இரண்டாம் திருமுகம்,விவிலியம்,சமயம் – கிருத்துவம்
255,விவிலியம் /புதிய ஏற்பாடு -6 /யோவான் மூன்றாம் திருமுகம்,விவிலியம்,சமயம் – கிருத்துவம்
256,விவிலியம் /புதிய ஏற்பாடு -6 /யூதா திருமுகம்; திருவெளிப்பாடு,விவிலியம்,சமயம் – கிருத்துவம்
257,தேவாரம் - இரண்டாம் திருமுறை; பாகம் 1 (பாடல்கள் 1-654),திருஞான சம்பந்தர்,சமயம் - சைவம்
258,இராமாயண வெண்பா - பாகம் 1 ,மதுரகவி ஸ்ரீனிவாச ஐயங்கார்,பிரபந்தம் - வெண்பா
259,எதிர்பாராத முத்தம்,பாரதிதாசன்,கவிதைகள்
260,அங்கயற்கண்ணி மாலை,உ.வே. சாமிநாத அய்யர்,பிரபந்தம் - மாலை
261,களக்காட்டுச் சத்தியவாசகர் இரட்டைமணி மாலை,,பிரபந்தம் - மாலை
262,திருக்காளத்தி இட்டகாமிய மாலை,,பிரபந்தம் - மாலை
263,பழனி இரட்டைமணி மாலை,,பிரபந்தம் - மாலை
264,மகரநெடுங் குழைக்காதர் பாமாலை,நாராயண தீட்சதர்,பிரபந்தம் - மாலை
265,பட்டுக்கோட்டை பாடல்கள்,பட்டுக்கோட்டை கல்யாணசுந்தரம்,பாடல்கள்
266,தேவாரம் - இரண்டாம் திருமுறை; பாகம் 2 (பாடல்கள் 655-1331),திருஞான சம்பந்தர்,சமயம் - சைவம்
267,சிதம்பர மும்மணிக் கோவை,குமரகுருபரர்,பிரபந்தம் - கோவை
268,திருவாரூர் நான்மணிமாலை,குமரகுருபரர்,பிரபந்தம் - மாலை
269,கவிதைகள் - முதற் தொகுதி (75 கவிதைகள் ),பாரதிதாசன்,கவிதைகள்
270,புரட்சிக் கவிதைகள் -பாகம் 2, 3 ,பாரதிதாசன்,கவிதைகள்
271,சீறாப்புராணம் காண்டம்-1 பாகம்-1,உமறுப் புலவர்,சமயம் - இஸ்லாமியம்
272,சீறாப்புராணம் காண்டம்-1 பாகம்-2,உமறுப் புலவர்,சமயம் - இஸ்லாமியம்
273,பொன்னியின் செல்வன்,கல்கி கிருஷ்ணமூர்த்தி, நாவல் / புதினம் 
274,மதுரை மீனாட்சிஅம்மை இரட்டைமணிமாலை,குமரகுருபரர்,பிரபந்தம் - மாலை
275,முத்துக்குமார சுவாமி பிள்ளைத்தமிழ்,குமரகுருபரர்,பிரபந்தம் - பிள்ளைத்தமிழ்
276,மீனாட்சியம்மைகுறம்,குமரகுருபரர்,பிரபந்தம் - குறம்
277,அந்திம காலம் (நாவல்),இரா. கார்த்திகேசு,சிறுகதைகள் - தொகுப்பு
278,தேவாரம் - மூன்றாம் திருமுறை; பாகம் 1 (பாடல்கள் 1- 713),திருஞான சம்பந்தர்,சமயம் - சைவம்
279,சீறாப்புராணம் காண்டம்-2 பாகம்-1,உமறுப் புலவர்,சமயம் - இஸ்லாமியம்
280,சீறாப்புராணம் காண்டம்-2 பாகம்-2,உமறுப் புலவர்,சமயம் - இஸ்லாமியம்
281,தில்சை சிவகாமியம்மை இரட்டை மணிமாலை,குமரகுருபரர்,பிரபந்தம் - மாலை
282,தமிழச்சியின் கத்தி,பாரதிதாசன்,கவிதைகள்
283,சீறாப்புராணம் காண்டம்-3 பாகம்-1,உமறுப் புலவர்,சமயம் - இஸ்லாமியம்
284,தேவாரம் - மூன்றாம் திருமுறை; பாகம் 2 (பாடல்கள் 714 -1347),திருஞான சம்பந்தர்,சமயம் - சைவம்
285,திருப்புகழ் /பாகம் 1 (பாடல்கள் 1-330),அருணகிரிநாதர்,சமயம் - சைவம்
286,தேவாரம் - நான்காம் திருமுறை; பாகம் 1 (பாடல்கள் 1-487),திருநாவுக்கரசர்,சமயம் - சைவம்
287,தேவாரம் - நான்காம் திருமுறை; பாகம் 2 (பாடல்கள் 488-1070),திருநாவுக்கரசர்,சமயம் - சைவம்
288,திருப்பேரூர்ப் பட்டீசர் கண்ணாடி விடுதூது,கோவை செட்டிபாளையம் மகாவித்துவான் குட்டியப்ப கவுண்டர்,பிரபந்தம் - தூது
289,திருவானைக்கா அகிலாண்டநாயகி பிள்ளைத் தமிழ்,தி. மீனாட்சிசுந்தரம் பிள்ளை ,பிரபந்தம் - பிள்ளைத்தமிழ்
290,பிரபந்தத்திரட்டு - பகுதி 2,தி. மீனாட்சிசுந்தரம் பிள்ளை ,பிரபந்தத் திரட்டு
291,ஒரு கிராமத்துப் பெண்ணின் தலைப் பிரசவம்,இரா. முருகன்,சிறுகதைகள் தொகுப்பு
292,தேவாரம் - ஐந்தாம் திருமுறை; பாகம் 1 (பாடல்கள் 1-519),திருநாவுக்கரசர்,சமயம் - சைவம்
293,திருப்புகழ் /பாகம் 2 (பாடல்கள் 331-670),அருணகிரிநாதர்,சமயம் - சைவம்
294,தேவாரம் - ஐந்தாம் திருமுறை; பாகம் 2 (பாடல்கள் 520 - 1016),திருநாவுக்கரசர்,சமயம் - சைவம்
295,திருப்புகழ் /பாகம் 3 (பாடல்கள் 671 - 1000),அருணகிரிநாதர்,சமயம் - சைவம்
296,சேக்கிழார் பிள்ளைத்தமிழ்,தி. மீனாட்சிசுந்தரம் பிள்ளை ,பிரபந்தம் - பிள்ளைத்தமிழ்
297,திருப்புகழ் /பாகம் 4 (பாடல்கள் 10011-1326),அருணகிரிநாதர்,சமயம் - சைவம்
298,தேவாரம் - ஆறாம் திருமுறை - பாகம் 1 (பாடல்கள் 1-508),திருநாவுக்கரசர்,சமயம் - சைவம்
299,சிவகாமியின் சபதம் /பாகம் 1 /பூகம்பம்,கல்கி கிருஷ்ணமூர்த்தி, நாவல் / புதினம்
300,சிவகாமியின் சபதம் /பாகம் 2 /காஞ்சி முற்றுகை,கல்கி கிருஷ்ணமூர்த்தி,நாவல் / புதினம்
301,சிவகாமியின் சபதம் /பாகம் 3 /பிக்ஷுவின் காதல்,கல்கி கிருஷ்ணமூர்த்தி,நாவல் / புதினம்
302,தேவாரம் -ஆறாம் திருமுறை; பாகம் 2 (பாடல்கள் 509-981),திருநாவுக்கரசர்,சமயம் - சைவம்
303,காசிக் கலம்பகம்,குமரகுருபரர்,பிரபந்தம் - கலம்பகம்
304,சிதம்பரச் செய்யுட்கோவை,குமரகுருபரர்,பிரபந்தம் - கோவை
305,பண்டார மும்மணிக்கோவை,குமரகுருபரர்,பிரபந்தம் - கோவை
306,சிறுகதைகள் - தொகுப்பு - 1,ஜெயகாந்தன்,சிறுகதைகள் - தொகுப்பு
307,சிறுகதைகள் - தொகுப்பு - 2,ஜெயகாந்தன்,சிறுகதைகள் - தொகுப்பு
308,வினா வெண்பா; கொடிக்கவி; நெஞ்சு விடு தூது; சிவப்பிரகாசம்,ஸ்ரீ ஈசான்ய ஞான தேசிகர் மீது,பிரபந்தம் - தூது
309,சிவகாமியின் சபதம் /பாகம் 4 /சிதைந்த கனவு,கல்கி கிருஷ்ணமூர்த்தி,நாவல் / புதினம்
310,கவிச்சக்ரவர்த்தி கம்பர்,இராகவ ஐயங்கார்,வரலாறு / சரித்திரம்
311,சீறாப்புராணம் காண்டம்-3 பாகம்-2,உமறுப் புலவர்,புராணம்
312,சிறுகதைகள் - தொகுப்பு - 3,ஜெயகாந்தன்,சிறுகதைகள் - தொகுப்பு
313,அலை ஓசை /பாகம் 1 (பூகம்பம்),கல்கி கிருஷ்ணமூர்த்தி,நாவல் / புதினம்
314,அலை ஓசை /பாகம் 2 (புயல்),கல்கி கிருஷ்ணமூர்த்தி,நாவல் / புதினம்
315,தேவாரம் - ஏழாம் திருமுறை - பகுதி 1 (பாடல்கள் 1-517),சுந்தரமூர்த்தி சுவாமிகள்,சமயம் - சைவம்
316,அலை ஓசை /பாகம் 3 (புயல்),கல்கி கிருஷ்ணமூர்த்தி,நாவல் / புதினம்
317,திருத்தொண்டர் புராணம் /சருக்கம் 1; 2,சேக்கிழார்,சமயம் - சைவம்
318,பெரிய புராணம் - காண்டம் 1; சருக்கம் 1; 2,சேக்கிழார்,சமயம் - சைவம்
319,அலை ஓசை /பாகம் 4 (புயல்),கல்கி கிருஷ்ணமூர்த்தி,நாவல் / புதினம்
320,தேவாரம் - ஏழாம் திருமுறை - பகுதி 2 (பாடல்கள் 518-1026),சுந்தரமூர்த்தி சுவாமிகள்,சமயம் - சைவம்
321,சித்தர் பாடல்கள் தொகுப்பு 4,அகப்பேய் சித்தர்; இடைக்காட்டுச் சித்தர்;கொங்கணச் சித்தர்,சித்தர் பாடல்கள் 
322,திருமுறைகண்ட புராணம்,உமாபதி சிவம்,சமயம் - சைவம்
323,பார்த்திபன் கனவு /பாகம் - 1-2,கல்கி கிருஷ்ணமூர்த்தி,நாவல் / புதினம்
324,திருத்தொண்டர் புராணம் /சருக்கம் 3,சேக்கிழார்,சமயம் - சைவம்
325,பெரிய புராணம் - காண்டம் 1; சருக்கம் 3,சேக்கிழார்,சமயம் - சைவம்
326,திருத்தொண்டர் புராண வரலாறு (சேக்கிழார் சுவாமிகள் புராணம்),உமாபதி சிவம்,சமயம் - சைவம்
327,பிரதாப முதலியார் சரித்திரம்,மயூரம் வேதநாயகம் பிள்ளை,வரலாறு / சரித்திரம்
328,திருத்தொண்டர் புராணம் /சருக்கம் 4; 5,சேக்கிழார்,சமயம் - சைவம்
329,பெரிய புராணம் - காண்டம் 1; சருக்கம் 4; 5,சேக்கிழார்,சமயம் - சைவம்
330,பழமொழி விளக்கம் /தண்டலையார் சதகம்,படிக்காசுப் புலவர்,சிற்றிலக்கியம்
331,காளமேகப் புலவர் பாடல்கள்,காளமேகம்,பாடல்கள்
332,கலித்தொகை,,சங்ககாலம் – எட்டுத்தொகை
333,திருவாசகம் (ஆங்கில மொழிபெயர்ப்பு) - பாகம் 2 (tiruvAcagam or Sacred Utterances - part 2),ஜி.யூ. போப் (G.U.Pope / mAnikkavACagar),சமயம் - சைவம்
334,பார்த்திபன் கனவு /பாகம் - 3,கல்கி கிருஷ்ணமூர்த்தி,நாவல் - புதினம்
335,பெரிய புராணம் - காண்டம் 2; சருக்கம் 6; பகுதி 1,சேக்கிழார்,சமயம் - சைவம்
336,பெரிய புராணம் - காண்டம் 2; சருக்கம் 6; பகுதி 2,சேக்கிழார்,சமயம் - சைவம்
337,பெரிய புராணம் - காண்டம் 2; சருக்கம் 6; பகுதி 3,சேக்கிழார்,சமயம் - சைவம்
338,பெரிய புராணம் - காண்டம் 2; சருக்கம் 6; பகுதி 4,சேக்கிழார்,சமயம் - சைவம்
339,சோலைமலை இளவரசி,கல்கி கிருஷ்ணமூர்த்தி,நாவல் - புதினம்
340,அகநானுறு - மூலம்,,சங்ககாலம் – எட்டுத்தொகை
341,இரங்கேச வெண்பா,,பிரபந்தம் - வெண்பா
342,விநாயகர் அகவல்,ஔவையார்; பு.பா.இரசபதி உரையுடன்,பிரபந்தம் - அகவல்
343,காந்திமதியம்மை பிள்ளைத்தமிழ்,தி. மீனாட்சிசுந்தரம் பிள்ளை,பிரபந்தம் - பிள்ளைத்தமிழ்
344,ஸ்ரீமங்களாம்பிகை பிள்ளைத்தமிழ்,தி. மீனாட்சிசுந்தரம் பிள்ளை,பிரபந்தம் - பிள்ளைத்தமிழ்
345,பெருந்திருப்பிராட்டியார் பிள்ளைத்தமிழ்,தி. மீனாட்சிசுந்தரம் பிள்ளை,பிரபந்தம் - பிள்ளைத்தமிழ்
346,திருவிடைக்கழிமுருகர் பிள்ளைத்தமிழ்,தி. மீனாட்சிசுந்தரம் பிள்ளை,பிரபந்தம் - பிள்ளைத்தமிழ்
347,பிரபந்தத்திரட்டு - பகுதி 10 - ஸ்ரீ அம்பலவாணதேசிகர் பிள்ளைத்தமிழ்,தி. மீனாட்சிசுந்தரம் பிள்ளை,பிரபந்தம் - பிள்ளைத்தமிழ்
348,வாட்போக்கிக் கலம்பகம்,தி. மீனாட்சிசுந்தரம் பிள்ளை,பிரபந்தம் - கலம்பகம்
349,திருவாவடுதுரை ஆதீனத்துக் குருபரம்பரையகவல்,தி. மீனாட்சிசுந்தரம் பிள்ளை,பிரபந்தம் - அகவல்
350,கந்த புராணம் - பகுதி 1 /பாயிரம் - உற்பத்திக் காண்டம்,கச்சியப்ப சிவாச்சாரியார்,புராணம்
351,பிரபந்தத்திரட்டு - பகுதி 11 - ஸ்ரீ அம்பலவாணதேசிகர் கலம்பகம்,தி. மீனாட்சிசுந்தரம் பிள்ளை,பிரபந்தம் - கலம்பகம்
352,கந்த புராணம் - பகுதி 2 /உற்பத்திக் காண்டம்,கச்சியப்ப சிவாச்சாரியார்,புராணம்
353,விவிலியம் /பழைய ஏற்பாடு /புத்தகம் 1 - தொடக்கநூல்,விவிலியம்,சமயம் – கிருத்துவம்
354,விவிலியம் /பழைய ஏற்பாடு /புத்தகம் 2 - விடுதலைப் பயணம்,விவிலியம்,சமயம் – கிருத்துவம்
355,விவிலியம் /பழைய ஏற்பாடு /புத்தகம் 3 - லேவியர்,விவிலியம்,சமயம் – கிருத்துவம்
356,திருவிடைமருதூர் உலா,தி. மீனாட்சிசுந்தரம் பிள்ளை,பிரபந்தம் - உலா
357,கல்லாடம்,கல்லாடர்,பாடல்கள் தொகுப்பு 
358,விநாயகர் நான்மணிமாலை,சி. சுப்ரமணிய பாரதியார் ,பிரபந்தம் - மாலை
359,விவிலியம் /பழைய ஏற்பாடு /புத்தகம் 4 (எண்ணிக்கை); 5 (இணைச் சட்டம்); 6. (யோசுவா); 7 (நீதித்தலைவர்கள்),விவிலியம்,சமயம் – கிருத்துவம்
360,நல்லிசைப் புலமை மெல்லியலார்கள்,இராகவ ஐயங்கார்,வரலாறு / சரித்திரம்
361,விவிலியம் /பழைய ஏற்பாடு /8 (ரூத்து); 9 (சாமுவேல் - முதல் நூல்); 10 (சாமுவேல் - இரண்டாம் நூல்),விவிலியம்,சமயம் – கிருத்துவம்
362,கந்த புராணம் - பகுதி 3 /உற்பத்திக் காண்டம் (1329- 1783),கச்சியப்ப சிவாச்சாரியார்,புராணம்
363,பிரபந்தத்திரட்டு - பகுதி 13 /சீகாழிக் கோவை,தி. மீனாட்சிசுந்தரம் பிள்ளை,பிரபந்தம் - கோவை
364,கந்த புராணம் - பகுதி 4 /அசுர காண்டம் (1 - 925 ),கச்சியப்ப சிவாச்சாரியார்,புராணம் 
365,விவிலியம் /பழைய ஏற்பாடு / புத்தகம் 11 (அரசர்கள் - முதல் நூல்); 12 (அரசர்கள் - இரண்டாம் நூல்); 13 (குறிப்பேடு - முதல் நூல்); 14 (குறிப்பேடு - இரண்டாம் நூல்),விவிலியம்,சமயம் – கிருத்துவம்
366,பிரபந்தத்திரட்டு - பகுதி 14 /திருப்பைஞ்ஞீலித்திரிபந்தாதி,தி. மீனாட்சிசுந்தரம் பிள்ளை,பிரபந்தம் - அந்தாதி 
367,கலைசைக்கோவை,தொட்டிக்கலை ஸ்ரீ சுப்பிரமணியமுனிவர்,பிரபந்தம் - கோவை
368,சிவஞான சித்தியார் (பரபக்கம்; சுபக்கம்),அருணந்தி சிவாச்சாரியார்,சைவ சித்தாந்தம்
369,விவிலியம் /பழைய ஏற்பாடு / புத்தகம் 15 (எஸ்ரா); 16.(நெகேமியா); 17 (எஸ்தர்); 18 (யோபு); 19 - திருப்பாடல்கள்,விவிலியம்,சமயம் – கிருத்துவம்
370,இலக்கணச் சுருக்கம்,ஆறுமுக நாவலர்,இலக்கணம்
371,ஐந்திலக்கணம் தொன்னூல் விளக்கம்,வீரமாமுனிவர்,இலக்கணம்
372,மதுரைக் கோவை,நிம்பைச் சங்கர நாரணர்,பிரபந்தம் - கோவை
373,அழகரந்தாதி,,பிரபந்தம் - அந்தாதி 
374,கபிலரகவல்,கபிலதேவர்,பிரபந்தம் - அகவல்
375,பிரபந்தத்திரட்டு - பகுதி 15 /திருத்தில்லையமகவந்தாதி,தி. மீனாட்சிசுந்தரம் பிள்ளை,பிரபந்தம் - அந்தாதி 
376,சிந்துப்பாவியல்,இரா. திருமுருகன்  (அரங்க நடராசன் உரையுடன்),இலக்கணம்
377,பிரபந்தத்திரட்டு - பகுதி 16 /துறைசையமகவந்தாதி,தி. மீனாட்சிசுந்தரம் பிள்ளை,பிரபந்தம் - அந்தாதி 
378,பிரபந்தத்திரட்டு - பகுதி 17 /திருக்குடந்தைத்திரிபந்தாதி,தி. மீனாட்சிசுந்தரம் பிள்ளை,பிரபந்தம் - அந்தாதி 
379,சதுரகிரி அறப்பளீசுர சதகம்,அம்பலவாணக் கவிராயர்,பிரபந்தம் - சதகம்
380,விவிலியம் /பழைய ஏற்பாடு / புத்தகம் 21 (சபை உரையாளர்); 22 (இனிமைமிகுபாடல்); 23 (எசாயா); 24 (எரேமியா),விவிலியம்,சமயம் – கிருத்துவம்
381,கந்த புராணம் - பகுதி 5 /அசுர காண்டம் (926 - 1497),கச்சியப்ப சிவாச்சாரியார்,புராணம்
382,சித்தர் பாடல்கள்: சிவவாக்கியம்,சிவவாக்கியர்,சித்தர் பாடல்கள் 
383,சித்தர் பாடல்கள்: ஸ்ரீ பட்டணத்துப்பிள்ளையார் பாடல்கள்-II,ஸ்ரீ பட்டணத்துப்பிள்ளையார்,சித்தர் பாடல்கள் 
384,விவிலியம் /பழைய ஏற்பாடு / புத்தகம் 25 (புலம்பல்); 26 (எசேக்கியேல்); 27 (தானியேல்); 28 (ஒசாயா),விவிலியம்,சமயம் – கிருத்துவம்
385,பிரபந்தத்திரட்டு - பகுதி 18 /திருவிடைமருதூர்த்திரிபந்தாதி,தி. மீனாட்சிசுந்தரம் பிள்ளை,பிரபந்தம் - அந்தாதி 
386,கந்த புராணம் - பகுதி 6 /அசுர காண்டம் (1498 - 1929 ),கச்சியப்ப சிவாச்சாரியார்,புராணம்
387,பிரபந்தத்திரட்டு - பகுதி 19 /பாலைவனப்பதிற்றுப்பத்தந்தாதி,தி. மீனாட்சிசுந்தரம் பிள்ளை,பிரபந்தம் - அந்தாதி 
388,பிரபந்தத்திரட்டு - பகுதி 20 /திருவூறைப்பதிற்றுப்பத்தந்தாதி; 21-திருப்பழைசைப் பதிற்றுப்பத்தந்தாதி; 22 பூவாளூர்ப்பதிற்றுப்பத்தந்தாதி;  23-மதுரைத் திருஞானசம்பந்தசுவாமிகள் பதிற்றுப்பத்தந்தாதி,தி. மீனாட்சிசுந்தரம் பிள்ளை,பிரபந்தம் - அந்தாதி 
389,சித்தர் பாடல்கள்: ஸ்ரீ பட்டணத்துப்பிள்ளையார் பாடல்கள்-III / அருட்புலம்பல் 1-4; பூரணமாலை; நெஞ்சொடுமகிழ்தல்; உடற்கூற்றுவண்ணம்,ஸ்ரீ பட்டணத்துப்பிள்ளையார்,சித்தர் பாடல்கள் 
390,விவிலியம் /பழைய ஏற்பாடு /புத்தகம் 29 (யோவேல்); 30 (ஆமோஸ்); 31(ஒபதியா); 32 (யோனா); 33 (மீக்கா); 34 (நாகூம்); 35 (அபகூக்கு); 36 (செப்பனியா); 37 (ஆகாய்); 38 (செக்கரியா),விவிலியம்,சமயம் – கிருத்துவம்
391,பொன்னியின் செல்வன் - ஆங்கில மொழிபெயர்ப்பு (Ponniyan Selvan - Part 1; 2),கல்கி கிருஷ்ணமூர்த்தி - இந்திரா நீலமேகம் (Kalki Krishnamurthy - Indra Neelameggham), நாவல்; மொழிபெயர்ப்பு
392,விவிலியம் /பழைய ஏற்பாடு /புத்தகம் 39 (மலாக்கி); 40 (தோபித்து); 41 (யூதித்து); 42 (எஸ்தா(கி)); 43 (சாலமோனின் ஞானம்),விவிலியம்,சமயம் – கிருத்துவம்
393,மனங்குழம்பிய மாதவத்தோன் /Parnell's Hermit in Tamil Prose,இராமச்சந்திர அய்யர் (தமிழாக்கம்), நாவல்; மொழிபெயர்ப்பு
394,தன்னுயிரைப்போல மன்னுயிரை நினை /Measure for Measure (a tale from Shakespeare) Tamil Translation,பண்டித நடேச சாஸ்திரியார் (தமிழாக்கம்), நாவல்; மொழிபெயர்ப்பு
395,குதிரைப்பந்தய லாவணி,இரங்கசாமி தாஸன்,பிரபந்தம் -லாவணி
396,ஹாஸ்ய மஞ்சரி பிரபந்தத்திரட்டு - பகுதி 24 (2771 – 2809)  பகுதி 25 (2810-2914),S.P.S.K.காதிறு சாகிபவர்,பிரபந்தத் திரட்டு
397,திருஞானசம்பந்தசுவாமிகள் ஆனந்தக்களிப்பு; திருக்கற்குடிமாமலைமாலை,தி. மீனாட்சிசுந்தரம் பிள்ளை ,பிரபந்தம் - மாலை; களிப்பு
398,விவிலியம் /பழைய ஏற்பாடு - புத்தகம் 46 (தானியேல் இணைப்புகள்); 47 (மக்கபேயர் - முதல் நூல்); 48 -மக்கபேயர் - இரண்டாம் நூல்,,சமயம் – கிருத்துவம்
399,கந்த புராணம் - பகுதி 7a /மகேந்திர காண்டம் /பாகம் 1a (1 - 639),கச்சியப்ப சிவாச்சாரியார்,புராணம்
400,கந்த புராணம் - பகுதி 7b /மகேந்திர காண்டம் /பாகம் 1b (640 - 1170),கச்சியப்ப சிவாச்சாரியார்,புராணம்
401,கோபாலகிருஷ்ண பாரதியார் பாடல்கள்,கோபாலகிருஷ்ண பாரதியார்,இசை; பாட்டு
402,திருநெல்லையந்தாதி,ஸ்ரீ சுப்பைய சுவாமி,பிரபந்தம் - அந்தாதி 
403,திருக்கொற்றவாளீசரந்தாதி,ஸ்ரீ சுப்பைய சுவாமி,பிரபந்தம் - அந்தாதி 
404,கந்த புராணம் - பகுதி 8a /யுத்த காண்டம் /பாகம் 1 (1 - 456),கச்சியப்ப சிவாச்சாரியார்,புராணம்
405,கந்த புராணம் - பகுதி 8b /யுத்த காண்டம் /பாகம் 1 /படலம் 4 (457 - 876),கச்சியப்ப சிவாச்சாரியார்,புராணம்
406,கந்த புராணம் - பகுதி 8c /யுத்த காண்டம் /பாகம் 1 /படலம் 5-7 (877 - 1303),கச்சியப்ப சிவாச்சாரியார்,புராணம்
407,திருநள்ளாற்றுப் புராணம்,சிவஞான யோகிகள்,புராணம்
408,பிரபந்தத்திரட்டு - I இளசைப் பதிற்றுப்பத்தந்தாதி; குளத்தூர்ப் பதிற்றுப்பத்தந்தாதி,சிவஞான யோகிகள்,பிரபந்தம் - அந்தாதி 
409,பிரபந்தத்திரட்டு - II - அகிலாண்டேசுவரிபதிகம்,சிவஞான யோகிகள்,பிரபந்தம் - பதிகம்
410,காஞ்சிப் புராணம் /காண்டம் 1, பகுதி 1 /பாயிரம்; படலம் 1-6 (1-444),சிவஞான யோகிகள்,புராணம்
411,கந்த புராணம் / பகுதி 9a / யுத்த காண்டம் /படலம் 8-11 (1304 – 1922),கச்சியப்ப சிவாச்சாரியார்,புராணம்
412,கந்த புராணம் - பகுதி 9b / யுத்த காண்டம் /படலம் 9 (1923 - 2397),கச்சியப்ப சிவாச்சாரியார்,புராணம்
413,கந்த புராணம் - பகுதி 9c / யுத்த காண்டம் /படலம் 12 (2398 – 2967),கச்சியப்ப சிவாச்சாரியார்,புராணம்
414,காஞ்சிப் புராணம் / காண்டம் 1, பகுதி 2 /படலம் 7 - 29 (445-1056),சிவஞான சுவாமிகள்,புராணம்
415,அகப்பொருள் விளக்கம்,நாற்கவிராச நம்பி,இலக்கணம் 
416,நற்றிணை,,சங்ககாலம் – எட்டுத்தொகை
417,அறநெறிச்சாரம்,முனைப்பாடியார், நீதி நூல் 
418,பெரியநாயகியம்மை கலித்துறை,துறைமங்கலம் சிவப்பிரகாச சுவாமிகள்,பிரபந்தம் - கலித்துறை
419,காஞ்சிப் புராணம் /  காண்டம் 1, பகுதி 3 /படலம் 30 - 50 (1057 – 1691),சிவஞான சுவாமிகள்,புராணம்
420,புறப்பொருள் வெண்பாமாலை,ஐயனாரிதனார்,பிரபந்தம் - மாலை
421,களவியல் என்னும் இறையனார் அகப்பொருள்,,இலக்கணம் 
422,காஞ்சிப் புராணம் / காண்டம் 1, பகுதி 4a /படலம் 51 - 60 (1692 – 2022),சிவஞான சுவாமிகள்,புராணம்
423,காஞ்சிப் புராணம் / காண்டம் 1, பகுதி 4b /படலம் 61 - 65 (2023 – 2742),சிவஞான சுவாமிகள்,புராணம்
424,திருப்பாடற்றிரட்டு - பாகம் 1,தாயுமான சுவாமிகள்,பாடல்கள் - தொகுப்பு 
425,கந்த புராணம் - பகுதி 10 /தேவ காண்டம் / படலம் 1- 5 (1 – 421),கச்சியப்ப சிவாச்சாரியார்,புராணம் 
426,திருப்பாடற்றிரட்டு - பாகம் 2,தாயுமான சுவாமிகள்,பாடல்கள் - தொகுப்பு 
427,பழமலையந்தாதி,துறைமங்கலம் சிவப்பிரகாச சுவாமிகள்,பிரபந்தம் - அந்தாதி 
428,கந்த புராணம் - பகுதி 11a /தக்ஷ காண்டம் /படலம் 1-10 (1 - 403) பகுதி 11b - படலம் 11-13 (404 – 907),கச்சியப்ப சிவாச்சாரியார்,புராணம்
429,திருப்பாடற்றிரட்டு - பாகம் 3; 4,தாயுமான சுவாமிகள்,பாடல்கள் தொகுப்பு 
430,கோயில் திருப்பணிகள் வெண்பாக் கொத்து,,பிரபந்தம் - வெண்பா
431,பிரபந்தத்திரட்டு - III - கலைசைப்பிள்ளைத்தமிழ்; அமுதாம்பிகை பிள்ளைத்தமிழ்,சிவஞான யோகிகள்,பிரபந்தம் - பிள்ளைத்தமிழ்
432,கல்வெட்டுப் பாடல்கள் மஞ்சரி-1,,இசை; பாட்டு
433,கிருஷ்ணகானம்,ஊத்துக்காடு வெங்கடசுப்பையர்,இசை; பாட்டு
434,ஈட்டியெழுபது,ஒட்டக்கூத்தர்,பாடல்கள் தொகுப்பு 
435,நாட்டியக் கலை விளக்கம்,சுத்தானந்த பாரதியார், நாடகக் கலை
436,சாத்திரக்கோவை,குமாரதேவர்,பிரபந்தம் - கோவை
437,குறள்மூலம்,ஔவையார், நீதி நூல்கள்
438,திருப்புல்லாணிமாலை,,பிரபந்தம் - மாலை
439,கந்த புராணம் - பகுதி 12 - படலம் 14 - 20 (908-1562),கச்சியப்ப சிவாச்சாரியார்,புராணம்
440,பேரூர்ப் புராணம் - பகுதி 1 - படலம் 1 - 7 (1-627),கச்சியப்ப முனிவர்,புராணம்
441,சொக்கநாத வெண்பா; சொக்கநாத கலித்துறை,குருஞான சம்பந்தர்,பிரபந்தம் - வெண்பா
442,பிரபந்தத்திரட்டு - IV - திருவேகம்பரந்தாதி; திருமுல்லைவாயிலந்தாதி,சிவஞான யோகிகள்,பிரபந்தம் - அந்தாதி 
443,மநுநீதி சதகம்,இராசப்ப உபாத்தியாயர்,பிரபந்தம் - சதகம்
444,சொல்லின் கதை (வானொலிப்பேச்சு),மு.வரதராசன்,கட்டுரைகள்
445,பேரூர்ப் புராணம் - பகுதி 2 - படலம் 19 - 36 (1277 - 2220),கச்சியப்ப முனிவர்,புராணம்
446,திருத்தொண்டர்மாலை,குமாரபாரதியார் ,பிரபந்தம் - மாலை
447,இலக்கிய தீபம்,எஸ். வையாபுரிப்பிள்ளை,இலக்கியக் கட்டுரைகள்
448,இலக்கியத்தின் எதிரிகள்,ம.பொ. சிவஞானம்,இலக்கியக் கட்டுரைகள்
449,பிரபந்தத்திரட்டு - பகுதி 26 / திருச்சிராமலையமகவந்தாதி,தி. மீனாட்சிசுந்தரம் பிள்ளை,பிரபந்தம் - அந்தாதி 
450,ஆனைமங்கலச் செப்பேடுகள்,,வரலாறு 
451,சகோதரர் அன்றோ - (அகிலனின் சிறுகதைகள் தொகுப்பு),அகிலன்,சிறுகதைகள் - தொகுப்பு
452,பிரபந்தத் திரட்டு - பாகம் 5,சிவஞான யோகிகள்,பிரபந்தம் - திரட்டு
453,நவநீதப் பாட்டியல்,நவநீத நடனார்,பாட்டியல்
454,திருநூற்றந்தாதி,அவிரோதி ஆழ்வார்,பிரபந்தம் - அந்தாதி 
455,தம்பிக்கு - மு. வரதராசனார் கடிதங்கள்,மு.வரதராசன்,கட்டுரைகள்
456,கடம்பர்கோயில் உலா (உ.வே.சாமிநாதையர் குறிப்புரையுடன்),,பிரபந்தம் - உலா
457,பாண்டிக் கோவை,,பிரபந்தம் - கோவை
458,கல்வெட்டுப் பாடல்கள் மஞ்சரி; சிராமலை அந்தாதி,,பிரபந்தம் - அந்தாதி 
459,நீதித்திரட்டு - ஆசிரிய மாலை; குண்டலகேசித் திரட்டு; பெரும்பொருள் விளக்கம்; தகடூர் யாத்திரை (திரட்டு),, நீதி நூல்கள்
460,முல்லைத்திணை,மு.வரதராசன்,சங்ககாலம் – எட்டுத்தொகை
461,கூத்தியல் திரட்டு (இசை-நாட்டியக்கலை இயல் நுற்பாக்கள்),திரட்டியோன் - மயிலை சீனி வேங்கடசாமி , நாடகக்கலை நூல்
462,புது மெருகு (சிறுகதைத் தொகுப்பு) ,கி. வா. ஜகந்நாதன்,சிறுகதைகள் - தொகுப்பு
463,நரி விருத்தம் ,திருத்தக்க தேவர்,பிரபந்தம் - விருத்தம்
464,பிரபந்தத்திரட்டு - பகுதி 27 / திருப்பைஞ்ஞீலித்திரிபந்தாதி,தி. மீனாட்சிசுந்தரம் பிள்ளை,பிரபந்தம் - அந்தாதி 
465,உண்ணாமுலையம்மை பிள்ளைத்தமிழ் ,சோணாசல பாரதியார் ,பிரபந்தம் - பிள்ளைத்தமிழ்
466,கார்த்திகை தீப வெண்பா ,சோணாசல பாரதியார் ,பிரபந்தம் - வெண்பா
467,பிரபந்தத்திரட்டு - பகுதி 28 / கலைசைச்சிதம்பரேசுவரர் மாலை,தி. மீனாட்சிசுந்தரம் பிள்ளை,பிரபந்தம் - மாலை
468,பிரபந்தத்திரட்டு - பகுதி 29 / அகிலாண்டநாயகி மாலை ,தி. மீனாட்சிசுந்தரம் பிள்ளை,பிரபந்தம் - மாலை
469,பிரபந்தத்திரட்டு - பகுதி 30 / ஸ்ரீ சுப்பிரமணியதேசிகர் மாலை ,தி. மீனாட்சிசுந்தரம் பிள்ளை,பிரபந்தம் - மாலை
470,பிரபந்தத்திரட்டு - பகுதி 31 / ஸ்ரீ சச்சிதானந்ததேசிகர் மாலை ,தி. மீனாட்சிசுந்தரம் பிள்ளை,பிரபந்தம் - மாலை
471,திருத்தணிகையாற்றுப்படை,கவிராட்சச கச்சியப்ப முனிவர்,பிரபந்தம் - ஆற்றுப்படை
472,காவியமும் ஓவியமும் (கட்டுரைகள்),கி. வா. ஜகந்நாதன்,இலக்கியக் கட்டுரைகள்
473,பிரபந்தத்திரட்டு:பகுதி 32 (3322-3331): ஸ்ரீ சுப்பிரமணிய தேசிகர் நெஞ்சுவிடுதூது,தி. மீனாட்சிசுந்தரம் பிள்ளை,பிரபந்தம் - தூது
474,பிரபந்தத்திரட்டு: பகுதி பகுதி 33-1 : பட்டீச்சுரப்புராணம் பகுதி 33-2: திருவரன்குளப்புராணம்,தி. மீனாட்சிசுந்தரம் பிள்ளை,புராணம்
475,தூதுத் திரட்டு : மணவை திருவேங்கடமுடையான் மேகவிடுதூது,,பிரபந்தம் - தூது
476,தூதுத் திரட்டு : சங்கரமூர்த்தி ஐயரவர்கள் பேரில் விறலிவிடு தூது,சுப்பையர்,பிரபந்தம் - தூது
477,தூதுத் திரட்டு : செங்குந்தர் துகில்விடு தூது.,பரமானந்த நாவலர்,பிரபந்தம் - தூது
478,திருக்கூவப்புராணம்,துறைமங்கலம் சிவப்பிரகாச சுவாமிகள்,புராணம் 
479,வேதாந்த சூடாமணி,சிவப்பிரகாச சுவாமிகள்,சமயம் - சைவம் 
480,ஸ்ரீ சுப்பிரமணிதேசிகர் நான்மணிமாலை,சந்திரசேகர கவிராஜ பண்டிதர்,பிரபந்தம் - மாலை
481,திரு இலஞ்சி முருகன் உலா,பண்டாரக் கவிராயர்,பிரபந்தம் - உலா
482,ஸ்ரீமெய்கண்டதேவர் நான்மணிமாலை,உறையூர் தே. பெரியசாமி பிள்ளை,பிரபந்தம் - மாலை
483,மதுரை மாலை,சபாபதி முதலியார்,பிரபந்தம் - மாலை
484,எட்டிகுடி முருகன் பிள்ளைத் தமிழ்,கோவை.கு. நடேச கவுண்டர்,பிரபந்தம் - பிள்ளைத்தமிழ்
485,திருப்பேரூர்க் கலம்பகம்,கவியரசு கு. நடேச கவுண்டர்,பிரபந்தம் - கலம்பகம்
486,மறைசைக் கலம்பகம்,யாழ்ப்பாணத்து நீர்வேலிப் பீதாம்பரப் புலவர்,பிரபந்தம் - கலம்பகம்
487,திருமாலிருஞ்சோலைமலை அழகர் கலம்பகம்,அரிபத்த நாவலர்,பிரபந்தம் - கலம்பகம்
488,அறப் போர் (சங்க நூற் காட்சிகள்),கி. வா. ஜகந்நாதன்,இலக்கியக் கட்டுரைகள்
489,சொக்கநாத மாலை,மாயூரம் முத்துசாமிப் பிள்ளை,பிரபந்தம் - மாலை
490,கண்ணப்பர் கலம்பகம்,துரைசாமி முதலியார்,பிரபந்தம் - கலம்பகம்
491,புதுமைப் பெண்,ப. ஜீவானந்தம்,ஆராய்ச்சிக் கட்டுரைகள்
492,புள்ளிருக்குவேளூர்க் கலம்பகம்,படிக்காசுப் புலவர்,பிரபந்தம் - கலம்பகம்
493,மேலைச்சிதம்பரம் என்கிற பேரூர் மும்மணிக்கோவை,கோயமுத்தூர் கந்தசாமி முதலியார்,பிரபந்தம் - கோவை
494,மேலைச்சிதம்பரம் என்கிற பேரூர் பச்சைநாயகியம்மை ஆசிரியவிருத்தம்,கோயமுத்தூர் கந்தசாமி முதலியார்,பிரபந்தம்  - விருத்தம்
495,திருப்பாசூர்ப் புராணம்,பூவை கலியாணசுந்தர முதலியார்,புராணம்
496,குளத்தூர் அமுதாம்பிகை பிள்ளைத்தமிழ்,சிவஞான சுவாமிகள்,பிரபந்தம் - பிள்ளைத்தமிழ்
497,கதிர்காமக் கலம்பகம்,கந்தப்ப சுவாமிகள்,பிரபந்தம் - கலம்பகம்
498,கடற்கரையிலே (இலக்கியக் கட்டுரைகள்),ரா.பி. சேதுபிள்ளை,இலக்கியக் கட்டுரைகள்
499,கச்சிக்கலம்பகம்,பூண்டி அரங்கநாத முதலியார்,பிரபந்தம் - கலம்பகம்
500,பாடற்றிரட்டு,வ.உ. சிதம்பரம் பிள்ளை,பாடற் திரட்டு
501,தியாக பூமி,கல்கி கிருஷ்ணமூர்த்தி,நாவல் - புதினம்
502,பச்சையப்பர் (நாடகம்),மு.வரதராசன், நாடகம் 
503,தேவையுலா,பலபட்டடை சொக்கநாதக்கவிராயர்,பிரபந்தம் - உலா
504,காலடிச் சாராதாம்பிகை மாலை,திண்டுக்கல் வெங்குசாமி அய்யர்,பிரபந்தம் - மாலை
505,சிவசுப்பிரமணியக்கடவுள் குறவஞ்சி,வீரபத்திரக் கவிராயர்,பிரபந்தம் - குறவஞ்சி
506,புகையிலை விடு தூது,சீனிச்சர்க்கரைப்புலவர்,பிரபந்தம் - தூது
507,கண்டதேவிப் புராணம்,தி. மீனாட்சிசுந்தரம் பிள்ளை,புராணம் 
508,மான் விடு தூது (குறிப்புரையுடன்),குழந்தைக் கவிராயர்,பிரபந்தம் - தூது
509,பொய்மான் கரடு,கல்கி கிருஷ்ணமூர்த்தி, நாவல் - புதினம்
510,மாந்தருக்குள் ஒரு தெய்வம் (1; 2),கல்கி கிருஷ்ணமூர்த்தி,நாவல் - புதினம்
511,பொன்னியின் செல்வன் - ஆங்கில மொழிபெயர்ப்பு (Ponniyan Selvan - Part 3),கல்கி கிருஷ்ணமூர்த்தி - இந்திரா நீலமேகம் (Kalki Krishnamurthy - Indra Neelameggham), நாவல் - புதினம் ; மொழிபெயர்ப்பு
512,ஸ்ரீ குழைக்காதர் பிரபந்தத்திரட்டு - குழைக்காதர் கலம்பகம்,,பிரபந்தம் - கலம்பகம்
513,ஸ்ரீ குழைக்காதர் பிரபந்தத்திரட்டு - குழைக்காதர் பிள்ளைத்தமிழ்; இதரப் பாடல்கள்,,பிரபந்தம் - பிள்ளைத்தமிழ்
514,மாயூரப்புராணம் (பாகம் 1/படலங்கள் 1- 21 ),தி. மீனாட்சிசுந்தரம் பிள்ளை,புராணம்
515,புதுமைப்பித்தன் படைப்புகள் - சிறுகதைகள்; தொகுப்பு - 1 &amp; 2,புதுமைப்பித்தன்,சிறுகதைகள் - தொகுப்பு
516,குமரமாலைப் பிள்ளைத்தமிழ்,வீரபத்திரக் கவிராயர்,பிரபந்தம் - பிள்ளைத்தமிழ்
517,அபிநவ கதைகள்,தி.  செல்வகேசவராய  முதலியார்,கதைகள் 
518,மஞ்ஞைப் பாட்டு; வேல் பாட்டு; சேவற் பாட்டு,வ. சு. செங்கல்வராய பிள்ளை,சமயம் - சைவம் 
519,வள்ளி கல்யாணம்; வள்ளி-கிழவர் வாக்குவாதம்,வ. சு. செங்கல்வராய பிள்ளை,நாடகம் 
520,சிவ பராக்ரம போற்றி அகவல்,வ. சு. செங்கல்வராய பிள்ளை,பிரபந்தம் - அகவல்
521,ஸ்ரீகாஞ்சீபுரம் குமரகோட்டக்கலம்பகம்,சபாபதி முதலியார்,பிரபந்தம் - கலம்பகம்
522,நாடகக் கலை,அவ்வை டி கே. சண்முகம், நாடக இயல்
523,திருமந்திர ஆராய்ச்சியும் ஒப்புமைப்பகுதியும்,வ. சு. செங்கல்வராய பிள்ளை,சமயம் - சைவம்
524,காலனைக் கட்டியடக்கிய கடோரசித்தன் கதை,வ. சு. செங்கல்வராய பிள்ளை,கதை
525,தனிப்பாடல்கள்,வ. சு. செங்கல்வராய பிள்ளை,பாடல்கள் 
526,ஆதவன் சிறுகதைகள்,இந்திரா பார்த்தசாரதி,சிறுகதைகள் - தொகுப்பு
527,தணிகைப் பத்து,வ. சு. செங்கல்வராய பிள்ளை,சமயம் - சைவம் 
528,திருப்புகழ்ப் பதிப்பாசிரியர் வரலாறு,வ. சு. செங்கல்வராய பிள்ளை,சமயம் - சைவம் 
529,காசி மஹாத்மியம்,வ. சு. செங்கல்வராய பிள்ளை,சமயம் - சைவம் 
530,வங்கச் சிறுகதைகள் (வங்கத்திலிருந்து தமிழாக்கம்),சு.கிருஷ்ணமூர்த்தி,சிறுகதை தொகுப்பு; மொழிபெயர்ப்பு
531,நன்மதி வெண்பா (சுமதி சதகம் / தமிழில் மொழி பெயர்ப்பு),எம்.ஆர். ஸ்ரீநிவாசய்யங்கார்,பிரபந்தம் - சதகம்; மொழிபெயர்ப்பு
532,அருணகிரிநாதர் போற்றி அகவல்,வ. சு. செங்கல்வராய பிள்ளை,பிரபந்தம் - அகவல்
533,திருத்தணிகைப் புராணச் சுருக்கம்,வ. சு. செங்கல்வராய பிள்ளை,புராணச் சுருக்கம்
534,அருணகிரிநாதர் - வரலாறும் நூலாராய்ச்சியும்,வ. சு. செங்கல்வராய பிள்ளை,வரலாறு / சரித்திரம்
535,குறிஞ்சி மலர்,தீபம் நா. பார்த்தசாரதி,சிறுகதைகள் தொகுப்பு
536,ஆத்மாவின் ராகங்கள்,தீபம் நா. பார்த்தசாரதி,சிறுகதைகள் தொகுப்பு
537,பிரபுலிங்க லீலை / பாகம் 1 (கதிகள் 1- 10) / பாகம் 2 (கதிகள் 10- 25),துறைமங்கலம் சிவப்பிரகாச சுவாமிகள்,சமயம் - சைவம்
538,சேரன் செங்குட்டுவன்,மு. இராகவ ஐயங்கார்,வரலாறு / சரித்திரம்
539,இரகுநாதசேதுபதி ஒருதுறைக்கோவை,பொன்னாங்கால் அமிர்தகவிராயரவர்,பிரபந்தம் - கோவை
540,பஞ்சதந்திரக் கதை - தமிழாக்கம்,தாண்டவராய முதலியார்/விஷ்ணு சர்மா,கதை
541,இரண்டு நண்பர்கள் (நாடகம்),பம்மல் சம்பந்த முதலியார், நாடகம்
542,மகாராஜா துறவு,குமாரதேவர், நீதிநெறி நூல்கள்;  சமயம் - சைவம் 
543,விஜய ரங்கம் (நாடகம்),பம்மல் சம்பந்த முதலியார், நாடகம்
544,சிதம்பரப்பாட்டியல் (மு. இராகவ ஐயங்கார் உரையுடன்),பரஞ்சோதியார்,இலக்கணம்
545,புதிய தமிழ்ச் சிறுகதைகள்,அசோகமித்திரன்,சிறுகதைகள் தொகுப்பு
546,கன்னித்தமிழ்  (கட்டுரைகள்),கி. வா. ஜகந்நாதன், இலக்கியக் கட்டுரைகள்
547,வேளிர் வரலாறு,மு. இராகவயங்கார்,வரலாறு / சரித்திரம்
548,இராமாயணம் /1. பாலகாண்டம் /பாகம் 1(படலங்கள் 1-10),கம்பர்,இதிகாசம்
549,இராமாயணம் /1. பாலகாண்டம் /பாகம் 2 (படலங்கள் 11-22),கம்பர்,இதிகாசம்
550,விக்ரம சோழன் உலா (ஆங்கில மொழிபெயர்ப்பு),கௌசல்யா ஹார்ட்,பிரபந்தம் - உலா; மொழிபெயர்ப்பு
551,மதுரை மீனாட்சியம்மை; இரட்டைமணி மாலை; மீனாட்சியம்மை குறம் (ஆங்கில மொழிபெயர்ப்பு),கௌசல்யா ஹார்ட்,பிரபந்தம் - மாலை; குறம்; மொழிபெயர்ப்பு
552,மதுரை மீனாட்சியம்மை பிள்ளைத்தமிழ் (ஆங்கில மொழிபெயர்ப்பு),கௌசல்யா ஹார்ட்,பிரபந்தம் - பிள்ளைத்தமிழ்; மொழிபெயர்ப்பு
553,காகித மாளிகை,முப்பாள ரங்கநாயகம்மா / பா.பாலசுப்பிரமணியன்,மொழிபெயர்ப்பு ( தெலுங்கு நாவல்)
554,இரத்தினபுரிப் புராணம்,தீர்த்தகிரித் தேசிகர் / கந்தசாமி உபாத்தியாயர்,புராணம்
555,கரிகால் வளவன்,கி. வா. ஜகன்னாதன்,இலக்கியக் கட்டுரைகள்
556,வம்ச விருத்தி,அ. முத்துலிங்கம்,சிறுகதைகள் தொகுப்பு
557,வடக்கு வீதி (சிறுகதைத் தொகுப்பு),அ. முத்துலிங்கம்,சிறுகதைகள் தொகுப்பு
558,ஹரிச்சந்திரா (நாடகம்),பம்மல் சம்பந்த முதலியார்,நாடகம்
559,இராமாயணம் /2. அயோத்தியா காண்டம்/பாகம் 1(படலங்கள் 1-5),கம்பர்,இதிகாசம்
560,இராமாயணம் /2. அயோத்தியா காண்டம்/பாகம் 2(படலங்கள் 6-12),கம்பர்,இதிகாசம்
561,மகபதி (நாடகம்),பம்மல் சம்பந்த முதலியார்,நாடகம்
562,குமரியின் மூக்குத்தி (சிறுகதைகள்),கி. வா. ஜகன்னாதன்,சிறுகதைகள் தொகுப்பு
563,சபாபதி (நாடகம்),பம்மல் சம்பந்த முதலியார்,நாடகம்
564,யயாதி (நாடகம்),பம்மல் சம்பந்த முதலியார்,நாடகம்
565,தமிழர் வீரம்,ரா.பி. சேதுப்பிள்ளை,இலக்கியக் கட்டுரைகள் 
566,அமலாதித்யன் (நாடகம்),பம்மல் சம்பந்த முதலியார்,நாடகம்
567,சதி-சுலோசனா (நாடகம்),பம்மல் சம்பந்த முதலியார்,நாடகம்
568,இராமாயணம் /3. ஆரணிய காண்டம்/பாகம் 1(படலங்கள் 1-6),கம்பர்,இதிகாசம்
569,அகமும் புறமும் (இலக்கிய கட்டுரைகள்),அ. ச. ஞானசம்பந்தன்,இலக்கியக் கட்டுரைகள் 
570,நினைவு மஞ்சரி (கட்டுரைகள்),உ.வே.சாமிநாதையர்,இலக்கியக் கட்டுரைகள் 
571,நல்லுரைக்கோவை (கட்டுரைகள்),உ.வே.சாமிநாதையர்,இலக்கியக் கட்டுரைகள் 
572,பஞ்சாபிக் கதைகள்,ஹர்பஜன் சிங் / வீழிநாதன்,சிறுகதைகள் (மொழிபெயர்ப்பு)
573,பணமுப்பது என்னும் காசின்மகிமை"",திருக்கணமங்கை தனவந்தரி ஸ்ரீ இராகவாசாரியார்,இலக்கியம்
574,1. பிக்ஷாடன நவமணி மாலை, ,துறைமங்கலம் சிவப்பிரகாச சுவாமிகள்,பிரபந்தம் - மாலை (4); நெடில் (2)
575,திகடசக்கரம்,அ. முத்துலிங்கம்,சிறுகதைகள் தொகுப்பு
576,தனி வீடு (சொற்பொழிவுகள்),கி. வா. ஜகந்நாதன்,சொற்பொழிவுகள்
577,மதுரை சொக்கநாதர் உலா (உ.வே. சாமிநாதையர் குறிப்புரையுடன்),புராண திருமலைநாதர்,பிரபந்தம் - உலா
578,மதுரை சொக்கநாதர் உலா - ஆங்கில மொழிபெயர்ப்பு (கௌசல்யா ஹார்ட்) ,புராண திருமலைநாதர்,பிரபந்தம் - உலா
579,நல்லுரைக்கோவை (கட்டுரைகள்) பாகம் - 3,உ.வே.சாமிநாதையர்,இலக்கியக் கட்டுரைகள் 
580,நல்லுரைக்கோவை (கட்டுரைகள்) பாகம் - 4,உ.வே.சாமிநாதையர்,இலக்கியக் கட்டுரைகள் 
581,அரும்பு அம்புகள் (நாவல்) - 2 பாகங்கள்,கல்கி கிருஷ்ணமூர்த்தி,நாவல் / புதினம்
582,குமரேச சதகம்,குருபாத தாசர்,பிரபந்தம் - சதகம்
583,சுப்பிரமணியர் திருவிருத்தம்; திருத்தணிகைத் திருவிருத்தம்; தொட்டிக்கலை சுப்பிரமணியத்தம்பிரான்,சுப்பிரமணியத்தம்பிரான் சுவாமிகள்,பிரபந்தம் - விருத்தம் 
584,ஆராய்ச்சி நூல்கள்,சோமசுந்தர பாரதியார்,இலக்கியக் கட்டுரைகள்
585,கோயிற்புராணம் - பாகம் 1; 2,உமாபதி சிவாச்சாரியார்,புராணம்
586,கோம்பி விருத்தம் - மூலமும் உரையும்,வெ.ப. சுப்பிரமணிய முதலியார்,பிரபந்தம் - விருத்தம் 
587,அரிச்சந்திர வெண்பா,,பிரபந்தம் - வெண்பா
588,திருக்குறள் - பரிமேலழகர் உரையுடன்,பரிமேலழகர்,நீதிநெறி – பதினெண்கீழ்க்கணக்கு
589,சிலப்பதிகாரம் - மூலமும்; உரையும் (புகார்க்காண்டம்),இளங்கோவடிகள்,காப்பியம்
590,தமிழ்மொழியின் வரலாறு,வி.கோ. சூரியநாராயண சாஸ்திரியார் (பரிதிமாற் கலைஞர்),வரலாறு
591,வலிமைக்கு மார்க்கம் &amp; சாந்திக்கு மார்க்கம் (மொழி பெயர்ப்பு),வ.உ. சிதம்பரம் பிள்ளை,மொழி பெயர்ப்பு
592,கபாடபுரம் (சரித்திர நாவல்),தீபம் நா. பார்த்தசாரதி,நாவல் - புதினம்
593,இராமாயணம் /3. ஆரணிய காண்டம் (2-ம் பகுதி); படலங்கள் 7-11,கம்பர்,இதிகாசம்
594,மான விஜயம் (நாடகம்),வி.கோ. சூரியநாராயண சாஸ்திரியார் (பரிதிமாற் கலைஞர்),நாடகம்
595,அகமே புறம், மனம்போல வாழ்வு,ஜேம்ஸ் ஆலன் / வ.உ. சிதம்பரம் பிள்ளை (மொழிபெயர்ப்பு) ,மொழிபெயர்ப்பு 
596,சமுதாய வீதி (நாவல்) ,தீபம் நா. பார்த்தசாரதி,நாவல் - புதினம் 
597,ரூபாவதி (நாடகம்) ,வி.கோ. சூரியநாராயண சாஸ்திரியார் (பரிதிமாற் கலைஞர்),நாடகம்
598,பாவலர் விருந்து,வி.கோ. சூரியநாராயண சாஸ்திரியார் (பரிதிமாற் கலைஞர்),கட்டுரைத் தொகுப்பு
599,நல்லுரைக்கோவை - இரண்டாம் பாகம்,வி.கோ. சூரியநாராயண சாஸ்திரியார் (பரிதிமாற் கலைஞர்) ,இலக்கியக் 
600,மகிழ்மாக் கலம்பகம்,தொழுவூர் வேலாயுத முதலியார்,பிரபந்தம் - கலம்பகம்
601,திருவிளையாடற் புராணம் /1. மதுரைக் காண்டம்,பரஞ்சோதி முனிவர்,புராணம்
602,வஞ்சி மாநகர்,மு. இராகவயங்கார்,இலக்கியக் கட்டுரைகள்
603,குலோத்துங்கசோழன் கோவை, அருணாசலக்கவிராயர்,பிரபந்தம் - கோவை
604,கும்பேசர் குறவஞ்சி (நாடகம்),ஸ்ரீ பாபநாச முதலியார்,நாடகம்
605,வாழ்க்கை நலம்,குன்றக்குடி  அடிகள்,கட்டுரைகள்
606,தனித்தமிழ் மாட்சி,மறைமலை அடிகள்,கட்டுரைகள்
607,திருவருணைக்கலம்பகம்,சைவ எல்லப்ப நாவலர்,பிரபந்தம் - கலம்பகம்
608,அறிவுரைக் கொத்து,மறைமலை அடிகள்,கட்டுரைத் தொகுப்பு
609,இந்தி பொது மொழியா?,மறைமலை அடிகள்,கட்டுரைத் தொகுப்பு
610,சீகாழித் தலபுராணம் - பாகம் 1 (அத்தியாயம் 1-13),அருணாசலக் கவிராயர்,புராணம்
611,பதிற்றுப்பத்து - மூலமும்; உரையும் ,பல ஆசிரியர்கள் (ஔவை துரைசாமி பிள்ளை உரை),சங்ககாலம் – எட்டுத்தொகை
612,திருவிளையாடற் புராணம் (திருவாலவாய் மான்மியம்) / இரண்டாவது பாகம் - கூடற் காண்டம்,பரஞ்சோதி முனிவர்,புராணம்
613,திருப்பேரூர் பதிற்றுப்பத்தந்தாதி,சுப்ரமணிய சுவாமிகள்,பிரபந்தம் - அந்தாதி
614,108 திருப்பதி அந்தாதி,திவ்யகவி பிள்ளைப் பெருமாள் ஐயங்கார் (அழகிய மணவாள தாசர்),பிரபந்தம் - அந்தாதி
615,சீகாழித் தலபுராணம் /பாகம் 2 / அத்தியாயம் 14 - 31,அருணாசலக் கவிராயர்,புராணம்
616,இராமாயணம் /4. கிட்கிந்தா காண்டம் (முதற் பகுதி) /படலங்கள் 1- 7,கம்பர் ,இதிகாசம்
617,பட்டினப்பாலை / நச்சினார்கினியர் உரை,உ.வே. சாமிநாத அய்யர் (தொகுப்பு),சங்ககாலம் - பத்துப்பாட்டு
618,பட்டணத்துப்பிள்ளையார் புராணம்,,புராணம்
619,ஆத்திச்சூடி வெண்பா,இராமபாரதி ,நீதிநெறி
620,சேயூர் முருகன் பிள்ளைத்தமிழ்,அந்தக்ககவி வீரராகவ முதலியார்,பிரபந்தம் - பிள்ளைத்தமிழ்
621,சிறுபாணாற்றுப்படை / நச்சினார்கினியர் உரை,உ.வே. சாமிநாத அய்யர் (தொகுப்பு),சங்ககாலம் - பத்துப்பாட்டு
622,நெடுநல்வாடை / நச்சினார்கினியர் உரை,உ.வே. சாமிநாத அய்யர் (தொகுப்பு),சங்ககாலம் - பத்துப்பாட்டு
623,தமிழ் இன்பம்,ரா.பி.சேதுப்பிள்ளை,இலக்கியக் கட்டுரைகள் 
624,காஞ்சிப் புராணம் / காண்டம் 2, பகுதி 1 /1. திருக்கண்புதைத்த படலம் ( செய்யுள் 1-285),கச்சியப்ப முனிவர்,புராணம்
625,பொருநராற்றுப்படை / நச்சினார்கினியர் உரை,உ.வே. சாமிநாத அய்யர் (தொகுப்பு),சங்ககாலம் - பத்துப்பாட்டு
626,முல்லைப்பாட்டு/ நச்சினார்கினியர் உரை,உ.வே. சாமிநாத அய்யர் (தொகுப்பு),சங்ககாலம் - பத்துப்பாட்டு
627,சமீபத்திய மலையாளச் சிறுகதைகள்,எம். முகுந்தன் (தொகுப்பு)/ ம. இராஜாராம் (மொழிபெயர்ப்பு),சிறுகதைகள் தொகுப்பு
628,அகநானூறு - களிற்றியானை நிரை (செய்யுள் 1-120 /2 பாகங்களாக),எம். முகுந்தன் (தொகுப்பு)/ ம. இராஜாராம் (மொழிபெயர்ப்பு),சங்ககாலம் – எட்டுத்தொகை
629,காஞ்சிப் புராணம் / காண்டம் 2, பகுதி 2 / 2. கழுவாய்ப்படலம் (செய்யுள் 286 -707),பொ.வே. சோமசுந்தரனார் விளக்கவுரை,புராணம்
630,பெரும்பாணாற்றுப்படை / நச்சினார்கினியர் உரை,உ.வே. சாமிநாத அய்யர் (தொகுப்பு),சங்ககாலம் - பத்துப்பாட்டு
631,திருமுருகாற்றுப்படை / நச்சினார்கினியர் உரை,உ.வே. சாமிநாத அய்யர் (தொகுப்பு),சங்ககாலம் - பத்துப்பாட்டு
632,புற நானூறு - மூலமும்; உரையும் /பாகம் 1 /பாடல்கள் 1-200)  ,ஔவை துரைசாமி பிள்ளை விளக்க உரை,சங்ககாலம் – எட்டுத்தொகை
633,குறிஞ்சிப் பாட்டு / நச்சினார்கினியர் உரை,உ.வே. சாமிநாத அய்யர் (தொகுப்பு),சங்ககாலம் - பத்துப்பாட்டு
634,மதுரைக் காஞ்சி / நச்சினார்கினியர் உரை,உ.வே. சாமிநாத அய்யர் (தொகுப்பு),சங்ககாலம் - பத்துப்பாட்டு
635,திருவிளையாடற் புராணம் (திருவாலவாய் மான்மியம்) / 3. திருவாலவாய்க் காண்டம் (படலம் 49-65) ,பரஞ்சோதி முனிவர்,புராணம்
636,காஞ்சிப் புராணம் / காண்டம் 2, பகுதி 3 (789-1067)/அந்தருவேதிப்படலம்; நகரேற்றுப்படலம்,கச்சியப்ப முனிவர்,புராணம்
637,ஐந்திணை எழுபது,மூவாதியர் / அ. நடராசபிள்ளை விளக்க வுரை,நீதிநெறி – பதினெண்கீழ்க்கணக்கு
638,தொல்காப்பியம் / பொருளதிகாரம்: அகத்திணையியல் (பாகம் 1)/பொருளதிகாரம்: புறத்திணையியல் (பாகம் 2),நச்சினார்கினியர் உரை,இலக்கணம்
639,காஞ்சிப் புராணம் / காண்டம் 2, பகுதி 4 / 5. தீர்த்தவிசேடப்படலம் (செய்யுள் 1067-1224),கச்சியப்ப முனிவர்,புராணம்
640,உதயணன் சரித்திரச் சுருக்கம் (பெருங்கதையைத் தழுவிய வசனம்),உ.வே. சாமிநாத அய்யர்,காப்பியம்
641,பாண்டிமாதேவி (சரித்திர நாவல் / 3 பாகங்கள்),தீபம் நா. பார்த்தசாரதி,சரித்திர நாவல்
642,பாரதம் (பொழிப்புரையுடன்),எம். முகுந்தன் (தொகுப்பு)/ ம. இராஜாராம் (மொழிபெயர்ப்பு),காப்பியம்
643,மலைபடுகடாம் - மூலமும் நச்சினார்கினியர் உரையும்,கபிலர் / உ.வே. சாமிநாத அய்யர் (தொகுப்பு),சங்ககாலம் - பத்துப்பாட்டு
644,பொருநராற்றுப்படை - மூலமும் நச்சினார்கினியர் உரையும்,முடத்தமக் கண்ணியார் / உ.வே. சாமிநாத அய்யர் (தொகுப்பு),சங்ககாலம் - பத்துப்பாட்டு
645,குண்டலகேசி (காப்பியம்),பொ.வே. சோமசுந்தரனார் (விளக்கவுரை), காப்பியம்
646,யசோதர காவியம் - மூலமும் - பாகம் 1; 2,ஔவை துரைசாமி பிள்ளை (உரை ), காப்பியம்
647,சீவக சிந்தாமணி - சுருக்கம் - உரைக் குறிப்புக்களுடன்,ஔவை துரைசாமிப்பிள்ளை (தொகுப்பு), காப்பியம்
648,குன்றைக்குடி மயூரகிரிநாதர் பிள்ளைத்தமிழ்,மழவைராயனேந்தல் சுப்பிரமணிய பாரதியார்,பிரபந்தம் - பிள்ளைத்தமிழ்
649,திருமாலிருஞ் சோலைமலை அழகர் பிள்ளைத் தமிழ்,காளருத்திரர்,பிரபந்தம் - பிள்ளைத்தமிழ்
650,நாலாயிர திவ்ய பிரபந்தம் - ஆங்கில மொழிபெயர்ப்பு (மூல பாசுரங்களுடன்)- பாகம் 1; 2 (பாசுரங்கள் 1 - 947),கௌசல்யா ஹார்ட்,சமயம் - வைணவம்
651,சைவ வினாவிடை (புத்தகம் 1; 2),ஆறுமுக நாவலர்,சமயம் - சைவம்
652,அங்கே இப்போ என்ன நேரம் (கட்டுரைகள்) - பாகம் 1; 2,அ. முத்துலிங்கம்,கட்டுரைகள்
653,பிங்கல நிகண்டு (பிங்கலந்தை) (1-2310),பிங்கலமுனிவர் ,நிகண்டு
654,தொல்காப்பியம் / எழுத்ததிகாரம்,நச்சினார்கினியர் உரை,இலக்கணம்
655,திருவாய்மொழி ((பிரபந்த பாசுரங்கள் 2791 - 3892),நம்மாழ்வார் / கௌசல்யா ஹார்ட்,சமயம் - வைணவம்
656,நாலடியார் மூலமும் விளக்கமும்,மகாதேவ முதலியார் ,நீதிநெறி – பதினெண்கீழ்க்கணக்கு
657,வேருக்கு நீர்,ராஜம் கிருஷ்ணன்,நாவல் - புதினம்
658,காஞ்சிப் புராணம் / காண்டம் 2, பகுதி 5 (1226-1680) / பன்னிரு நாமப்படலம்,கச்சியப்ப முனிவர்,புராணம்
659,பிங்கல நிகண்டு (பிங்கலந்தை),பிங்கலமுனிவர் ,நிகண்டு 
660,ஞானவந்தாதி, நான்மணிமாலை,குமாரசாமி முனிவர் ,பிரபந்தம் - அந்தாதி , பிரபந்தம்- மாலை
661,அகநானூறு: பாகம் 2a & 2b செய்யுள் 121-300, நாட்டார் விளக்கவுரைகளுடன்,நாவலர், ந.மு. வேங்கடசாமி நாட்டார்,சங்ககாலம் – எட்டுத்தொகை
662,ஜெயங்கொண்டார் சதகம்,முத்தப்பச் செட்டியார்,பிரபந்தம் - சதகம் 
663,சிந்தா நதி  (நினைவலைகள்),லா. ச. ராமாமிருதம் ,வரலாற்றுக் கட்டுரைகள் 
664,சேக்கிழார் : ஆராய்ச்சி நூல்,மா. இராசமாணிக்கனார்,ஆராய்ச்சிக் கட்டுரைகள் 
665,காஞ்சிப் புராணம் / காண்டம் 2, பகுதி 6 /
8. இருபத்தெண்டளிப் படலம் (செய்யுள் 1681-2113),கச்சியப்ப முனிவர், புராணம் 
666,சைவ சமயம் (கட்டுரைகள்),மா. இராசமாணிக்கனார்,ஆராய்ச்சிக் கட்டுரைகள் 
667,பகவத் கீதை- பாரதியார் முன்னுரை, விளக்க உரை,சி. சுப்ரமணிய பாரதியார்,உரை, கட்டுரைகள் 
668,தமிழர் நாட்டுப் பாடல்கள் - பாகம் 1& 2,தொகுப்பாசிரியர்: நா. வானமாமலை,நாட்டுப் பாடல்கள் 
669,புற நானூறு - மூலமும் விளக்க உரையும்,ஔவை துரைசாமி பிள்ளை , சங்ககாலம் – எட்டுத்தொகை
670,பாரதியும் உலகமும்,ம. ப. பெரியசாமித் தூரன்,கட்டுரைகள் 
671,அபிதா (நாவல்),லா. ச. ராமாமிருதம் ,நாவல் - புதினம்
672,அகநானூறு:பாகம் 3, செய்யுள் 301- 400,  மூலமும் விளக்க உரையும்,ந.மு. வேங்கடசாமி நாட்டார், சங்ககாலம் – எட்டுத்தொகை
673,சிரிக்கும் பூக்கள் (பாடல்கள் தொகுப்பு),அழ.வள்ளியப்பா,குழந்தைப் பாடல்கள்
674,கதைக் கொத்து ,சி. சுப்ரமணிய பாரதியார் , சிறுகதைகள் தொகுப்பு 
675,ஜனனி (சிறுகதைத் தொகுதி),லா. ச. இராமாமிருதம், சிறுகதைகள் தொகுப்பு 
676,நீலகேசி, ,காப்பியங்கள் 
677,இராமாயணம் /4. கிட்கிந்தா காண்டம் (இரண்டாம் பகுதி) /படலங்கள் 8-16,கம்பர் ,இதிகாசம்
678,வாஷிங்டனில் திருமணம்,சாவி (சா.விஸ்வநாதன்) ,புதினம் 
679,இராமாயணம் /5. சுந்தர காண்டம் ( பகுதி 1, 2) /படலங்கள் 1-15,கம்பர் ,இதிகாசம்
680,கட்டுரைகள் -தொகுப்பு - 1,சி. சுப்ரமணிய பாரதியார் ,கட்டுரைகள்
681,வஸந்த கோகிலம்,வடுவூர் கே. துரைசாமி ஐயங்கார்  ,நாவல் - புதினம் 
682,என் சரித்திரம் - பாகம் 1 & 2,உ.வே. சாமிநாத அய்யர்,சுய சரிதை 
683,இராமாயணம் /6. யுத்த காண்டம்  ( பகுதி 1, 2) /படலங்கள் 1-15,கம்பர் ,இதிகாசம்
684,திவான் லொடபட சிங் பகதூர்,வடுவூர் கே. துரைசாமி ஐயங்கார்  ,நாவல் - புதினம் 
685,கரிப்பு மணிகள் (சமூக நாவல்),ராஜம் கிருஷ்ணன் ,சமூக நாவல்  
686,என் சரித்திரம் - பாகம் 3 & 4,உ.வே. சாமிநாத அய்யர்,சுய சரிதை 
687,வளையாபதி (விளக்க உரையுடன்),பொ வே சோமசுந்தரனார் (உரை)  ,காப்பியங்கள்
688,சங்க காலத்தில் தமிழ் நாட்டில்  பெண்களின் நிலை ,சி. பாலசுப்பிரமணியன் (சிற்பி),சொற்பொழிவு
689,அகல் விளக்கு  (2 பாகங்களாக),மு. வரதராசனார் ,நாவல் - புதினம் 
690,அங்கும் இங்கும்  ,நெ. து. சுந்தரவடிவேலு,பயணக் கட்டுரைகள்
691,சுழலில் மிதக்கும் தீபங்கள் ,ராஜம் கிருஷ்ணன்,சமூக நாவல்
692,வேரில் பழுத்த பலா  ,சு. சமுத்திரம்,சிறுகதைகள் தொகுப்பு 
693,நேமிநாதம் (உரையுடன்) ,குணவீரபண்டிதர், இலக்கண நூல்
694,என் சரித்திரம் - பாகம் 5,உ.வே. சாமிநாத அய்யர்,சுய சரிதை 
695,தமிழ் நாவலின் தோற்றமும் வளர்ச்சியும்,கி. வா. ஜகந்நாதன் ,சொற்பொழிவுகள் 
696,இராமாயணம் /6. யுத்த காண்டம்  ( பகுதி 3, 4) /படலங்கள் 16-32,கம்பர் ,இதிகாசம்
697,பாற்கடல்,லா.ச. இராமாமிருதம் , சுய சரிதை -இளமை நினைவுகள்
698,தாயுமானவர் பாடல்கள்,தாயுமானவர் , பாடல்கள் தொகுப்பு
699,இராமாயணம் - யுத்த காண்டம்  ( பகுதி 5, 6) ,கம்பர் , இதிகாசம்
700,காக்கை விடு தூது,பாந்தளூர் வெண்கோழியார் , பிரபந்தம் - தூது 
701,கவிச் சக்கரவர்த்தி ஒட்டக்கூத்தர்,சி. பாலசுப்பிரமணியன் (சிற்பி), சொற்பொழிவுகள் - ஆராய்ச்சிக் கட்டுரைகள்
702,சிறுகதைகள் தொகுப்பு- 4,ஜெயகாந்தன் , சிறுகதைகள் தொகுப்பு  
703,சிறுகதைகள் தொகுப்பு- 3,புதுமைப்பித்தன் , சிறுகதைகள் தொகுப்பு  
704,இலக்கியத்தில் இறை பக்தி,மாநிலன் (கி. ஜெகதீஸ்வரன்) , கட்டுரைகள் 
705,மலையருவி (நாடோடிப் பாடல்கள்) - 1, 2,பர்ஸி மாக்வீன் (சேகரிப்பு) , நாடோடிப் பாடல்கள் 
706,மலரும் உள்ளம் (சிறுவர் பாடல்கள் தொகுப்பு -1) ,கவிஞர் அழ.வள்ளியப்பா,சிறுவர் பாடல்கள் 
707,சிக்கிமுக்கிக் கற்கள்  ,சு. சமுத்திரம்,சிறுகதைகள் தொகுப்பு
708,புதுக்கவிதையின் தோற்றமும் வளர்ச்சியும் ,வல்லிக்கண்ணன்,ஆராய்ச்சிக் கட்டுரைகள்
709,சிறந்த கதைகள் பதிமூன்று (இந்திய மொழிகளிலிருந்து),வல்லிக்கண்ணன் (மொழிபெயர்ப்பு),சிறுகதைகள் தொகுப்பு
710,ஒரு மாமரமும் மரங்கொத்திப் பறவைகளும் ,சு. சமுத்திரம்,சிறுகதைகள் தொகுப்பு
711,மருதூரந்தாதி,தலைமலைகண்டதேவர்,பிரபந்தம் - அந்தாதி
712,பாண்டிமண்டல சதகம்,மதுரை ஐயம்பெருமாள் ,பிரபந்தம் - சதகம் 
713,சங்ககாலச் சான்றோர்கள்,ந. சஞ்சீவி,ஆராய்ச்சிக் கட்டுரைகள் 
714,ராணி மங்கம்மாள்,தீபம் நா. பார்த்தசாரதி ,சரித்திர நாவல் 
715,வீரர் உலகம்,கி. வா. ஜகந்நாதன்,ஆராய்ச்சிக் கட்டுரைகள் 
716,மனத்தின் தோற்றம் ,சுந்தர சண்முகனார்,ஆராய்ச்சிக் கட்டுரைகள் 
717,வல்லிக்கண்ணன் கதைகள் (இரு பாகங்களாக) ,வல்லிக்கண்ணன்,சிறுகதைகள் தொகுப்பு
718,துளசி மாடம் ,தீபம் நா. பார்த்தசாரதி ,சமூக நாவல்
719,நடராச சதகம் ,ஸ்ரீமத் சிதம்பரநாத முனிவர்,பிரபந்தம் - சதகம்
720,சோழ மண்டல சதகம்,வேளூர் ஆத்ம நாத தேசிகர்,பிரபந்தம் - சதகம்
721,வஞ்சிமாநகரம் ,தீபம் நா. பார்த்தசாரதி ,சரித்திர நாவல்
722,சிலம்பு நெறி ,குன்றக்குடி அடிகளார்,ஆராய்ச்சிக் கட்டுரைகள் 
723,எங்கே போகிறோம்?  ,குன்றக்குடி அடிகளார்,வானொலி சொற்பொழிவுகள் 
724,சீகாளத்திக் கலம்பகம்,திருஎவ்வுளுர் இராமசாமி செட்டியார்,பிரபந்தம் - கலம்பகம் 
725,முது மொழிக் காஞ்சி,சுந்தர சண்முகனார் உரையுடன்,பதினெண் கீழ்க் கணக்கு நூல் 
726,பல்லவப் பேரரசர்,மா. இராசமாணிக்கனார்,ஆராய்ச்சிக் கட்டுரைகள் 
727,ஆழ்கடலில் சில ஆணிமுத்துகள்,சுந்தர சண்முகனார்,ஆராய்ச்சிக் கட்டுரைகள்  
728,புதிய தமிழகம்,மா. இராசமாணிக்கனார்,ஆராய்ச்சிக் கட்டுரைகள்  
729,திருமுருகாற்றுப்படை,கி. வா. ஜகந்நாதன் பொழிப்புரையுடன்,சங்ககாலம் – பத்துப்பாட்டு 
730,மனை விளக்கு (சங்கநூற் காட்சிகள்),கி. வா. ஜகந்நாதன் ,ஆராய்ச்சிக் கட்டுரைகள்  
731,குறிஞ்சித் தேன்,ராஜம் கிருஷ்ணன்,சமூக நாவல் 
732,தாமரைப் பொய்கை (சங்கநூற் காட்சிகள்),கி. வா. ஜகந்நாதன் ,ஆராய்ச்சிக் கட்டுரைகள்  
733,இன்ப மாலை (சங்கநூற் காட்சிகள்),கி. வா. ஜகந்நாதன் ,ஆராய்ச்சிக் கட்டுரைகள்  
734,வனதேவியின் மைந்தர்கள்,ராஜம் கிருஷ்ணன் ,சமூக நாவல்
735,உதயணகுமார காவியம்,பொ. வே. சோமசுந்தரனார் உரையுடன்,காப்பியங்கள்
736,சமணமும் தமிழும் (முதல் பாகம்),மயிலை சீனி. வேங்கடசாமி,ஆராய்ச்சிக் கட்டுரைகள் 
737,பொருநராற்றுப்படை விளக்கம்,கி. வா. ஜகந்நாதன் ,சங்ககாலம் – பத்துப்பாட்டு 
738,சோழர் வரலாறு (3 பாகங்களாக),மா. இராசமாணிக்கனார்,ஆராய்ச்சிக் கட்டுரைகள் 
739,நாக குமார காவியம்,மூலமும் சின்னசாமி நயினார் உரையும் ,காப்பியம் 
740,சூளாமணி - பாகம் 2 & 3,தோலாமொழித் தேவர் ,காப்பியம் 
741,ஸ்ரீஆண்டாள் பிள்ளைத்தமிழ்,மு. வேணுகோபாலசாமி நாயுடவர்கள் தொகுப்பு,பிரபந்தம் - பிள்ளைத்தமிழ் 
742,எழு பெரு வள்ளல்கள்,கி. வா. ஜகந்நாதன்,இலக்கியக் கட்டுரைகள்
743,சதுரகிரி அறப்பளீசுர சதகம் (ஆங்கில மொழிபெயர்ப்பு),அம்பலவாணக் கவிராயரவர்கள்; கௌசல்யா ஹார்ட்,பிரபந்தம் - சதகம், மொழிபெயர்ப்பு
744,வேத வித்து (நாவல்),சாவி (சா. விஸ்வநாதன்),நாவல் - புதினம்
745,உமார் கயாம் (நாவல், 2 பாகங்களாக),நாரா. நாச்சியப்பன்,வரலாறு / சரித்திரம் 
746,கஞ்சகிரி சித்தேசர் சதகம்,சேலம் அநந்த நாராயண சர்மா ,பிரபந்தம் - சதகம் 
747,தமிழச்சி (கவிதைகள்),கவிஞர் வாணிதாசன் ,கவிதைத் தொகுப்பு 
748,அதிகமான் நெடுமான் அஞ்சி,கி. வா. ஜகந்நாதன்,இலக்கியக் கட்டுரைகள்
749,கொடி முல்லை (கவிதைகள்),கவிஞர் வாணிதாசன் ,கவிதைத் தொகுப்பு 
750,திருக்குறள்  - கலைஞர் உரை,கலைஞர் மு. கருணாநிதி ,நீதிநெறி – பதினெண்கீழ்க்கணக்கு
751,தமிழ் விருந்து,ரா.பி. சேதுப்பிள்ளை,இலக்கியக் கட்டுரைகள்
752,பிடியும் களிறும்,கி. வா. ஜகங்காதன்,இலக்கியக் கட்டுரைகள்
753,வேலின் வெற்றி ,ரா.பி. சேதுப்பிள்ளை,இலக்கியக் கட்டுரைகள்
754,திரிசரபுரம் ஸ்ரீ மீனாட்சிசுந்தரம் பிள்ளை ,உ.வே. சாமிநாத அய்யர்,வரலாறு
755,நித்திலவல்லி (நாவல், 3 பாகங்களாக),தீபம் நா. பார்த்தசாரதி,சரித்திர நாவல் 
756,தூதுத் திரட்டு (6 தூது நூல்கள்),புலவர் பசுபதி, சந்திரசேகரன் தொகுப்பு,பிரபந்தம் - தூது 
757,சேற்றில் மனிதர்கள் (சமூக நாவல்),ராஜம் கிருஷ்ணன் ,சமூக நாவல் 
758,ஊருக்குள் ஒரு புரட்சி (நாவல்),சு. சமுத்திரம்  , நாவல் - புதினம் 
759,நாலாயிரத் திவ்வியப் பிரபந்தம்,கௌசல்யா ஹார்ட், சமயம் - வைணவம்,  மொழிபெயர்ப்பு
760,நாலாயிரத் திவ்வியப் பிரபந்தம்,கௌசல்யா ஹார்ட், சமயம் - வைணவம்,  மொழிபெயர்ப்பு
761,நாலாயிரத் திவ்வியப் பிரபந்தம்,கௌசல்யா ஹார்ட், சமயம் - வைணவம்,  மொழிபெயர்ப்பு
762,நாலாயிரத் திவ்வியப் பிரபந்தம்,கௌசல்யா ஹார்ட், சமயம் - வைணவம்,  மொழிபெயர்ப்பு
763,நெருப்புக் காடுகள்,தென்னவன் ,மரபு கவிதை
764,மாயூரநாதர் அந்தாதி ,வே. முத்துஸாமி ஐயர்,பிரபந்தம் - அந்தாதி  
765,சோமசுந்தர மும்மணிக்கோவை,அ. சோமசுந்தர முதலியார் ,பிரபந்தம் - கோவை
766,மாவூற்று வேலப்பர் காவடிச் சிந்து,மீனாட்சிசுந்தர நாடார் ,பிரபந்தம் - காவடிச் சிந்து
767,திருநறையூர் நம்பி மேகவிடு தூது,பிள்ளைப்பெருமாளையங்கார்  ,பிரபந்தம் - தூது
768,குமாஸ்தாவின் பெண்,அறிஞர் அண்ணா (கா. ந. அண்ணாதுரை) ,நாவல் 
769,நவதந்திரக் கதைகள்,சி. சுப்ரமணிய பாரதியார்,சிறுகதைகள் - தொகுப்பு
770,சின்னச் சங்கரன் கதை ,சி. சுப்ரமணிய பாரதியார்,சிறுகதைகள் 
771,ஞானரதம் (உரைநடை) ,சி. சுப்ரமணிய பாரதியார்,கட்டுரைகள்
772,சிறுகதைகள் தொகுப்பு - பாகம் 1,சுப்பிரமணிய பாரதியார்,சிறுகதைகள் தொகுப்பு
773,வடம் பிடிக்க வாங்க, ஜப்பானுக்கு! ,சாவி (சா. விஸ்வநாதன்)  ,நாவல் - புதினம்
774,குசேல வெண்பா ,நா. சேதுராமய்யர்  ,பிரபந்தம் -  வெண்பா
775,கல்கியின் சிறுகதைகள் ,கல்கி கிருஷ்ணமூர்த்தி ,சிறுகதைகள் தொகுப்பு 
776,கல்கியின் சிறுகதைகள் ,கல்கி கிருஷ்ணமூர்த்தி ,சிறுகதைகள் தொகுப்பு 
777,கல்கியின் சிறுகதைகள் ,கல்கி கிருஷ்ணமூர்த்தி ,சிறுகதைகள் தொகுப்பு 
778,கல்கியின் சிறுகதைகள் ,கல்கி கிருஷ்ணமூர்த்தி ,சிறுகதைகள் தொகுப்பு 
779,கல்கியின் சிறுகதைகள் ,கல்கி கிருஷ்ணமூர்த்தி ,சிறுகதைகள் தொகுப்பு 
780,சந்திரமோகன் ( நாடகம்),அறிஞர் அண்ணா (கா. ந. அண்ணாதுரை) ,நாடகம் 
781,இலக்கிய இன்பம்,நாமக்கல் கவிஞர் இராமலிங்கம் பிள்ளை,ஆராய்ச்சிக் கட்டுரைகள்
782,விசிறி வாழை (காதல் நவீனம்),சாவி (சா. விஸ்வநாதன்),நாவல் - புதினம் 
783,திருப்பேரூர்க் கிள்ளைவிடு தூது ,கோயமுத்தூர் கந்தசாமி முதலியார்,பிரபந்தம் - தூது 
784,திருமாலிருஞ் சோலைமலை ,பலபட்டடைச் சொக்கநாத பிள்ளை,பிரபந்தம் - தூது 
785,ஸ்ரீ மீனாட்சிசுந்தரம் பிள்ளை சரித்திரம் -பாகம் 2,உ.வே. சாமிநாத அய்யர்,வரலாறு / சரித்திரம்
786,தமிழர் வளர்த்த அழகுக் கலைகள்,மயிலை சீனி. வேங்கடசாமி,ஆராய்ச்சிக் கட்டுரைகள்
787,பௌத்தமும் தமிழும்,மயிலை சீனி. வேங்கடசாமி,ஆராய்ச்சிக் கட்டுரைகள்
788,நீதிதேவன் மயக்கம் (நாடகம்),அறிஞர் அண்ணா ,நாடகம்
789,திருக்குறள் மூலமும் மணக்குடவர் உரையும்,திருவள்ளுவர் / மணக்குடவர் உரை,நீதிநெறி – பதினெண்கீழ்க்கணக்கு
790,வெற்றிவேற்கை (உரையும் கதைக்குறிப்பும்),அதிவீரராம பாண்டியன் ,நீதிநெறி நூல்கள்
791,இலக்கியக் காட்சிகள் ,சி. பாலசுப்பிரமணியன் (சிற்பி),ஆராய்ச்சிக் கட்டுரைகள்
792,தமிழ் வளர்த்த நகரங்கள்,அ. க. நவநீத கிருட்டிணன்,ஆராய்ச்சிக் கட்டுரைகள்
793,சுகுணசுந்தரி சரித்திரம் ,மாயூரம் வேதநாயகம் பிள்ளை,நாவல் - புதிய பதிப்பு
794,பாசவதைப் பரணி (குறிப்புரையுடன்),உ.வே. சாமிநாத அய்யர் (தொகுப்பு),பிரபந்தம் - பரணி
795,மணிபல்லவம் (சரித்திர நாவல்) - பாகம் 1, 2, 3,தீபம் நா. பார்த்தசாரதி,சரித்திர நாவல்
796,சிதம்பரநாதர் திருவருட்பா, , ,பிரபந்தம் - வெண்பா, மாலை 
797,மணிபல்லவம் (சரித்திர நாவல்) - பாகம் 4, 5,தீபம் நா. பார்த்தசாரதி,சரித்திர நாவல்
798,திருவாசகம்  - ஆங்கில மொழிபெயர்ப்பு,மாணிக்க வாசகர் /கௌசல்யா ஹார்ட்,ஆங்கில மொழிபெயர்ப்பு
799,கூளப்ப நாயக்கன் விறலி விடு தூது,சுப்ர தீபக் கவி,பிரபந்தம் - தூது 
800,தமிழ்ச் செல்வம் ,ஔவை துரைசாமி பிள்ளை,இலக்கியக் கட்டுரைகள் 
801,தண்ணீரைப் போற்றுவோம் ,க. செயபாலன்,கவிதைகள் 
802,வைராக்கிய சதகம் ,சாந்தலிங்க சுவாமிகள் ,பிரபந்தம் - சதகம்
803,சீவகசிந்தாமணி  பாகம் 1 &2 - மூலமும் ,திருத்தக்க தேவர்,காப்பியம் 
804,திருக்குறள் - ஆங்கில மொழிபெயர்ப்பு ,இராமசந்திர தீக்‌ஷிதர் ,ஆங்கில மொழிபெயர்ப்பு 
805,முதலொலியலந்தாதி ,தண்டபாணி சுவாமிகள் ,பிரபந்தம் - அந்தாதி 
806,கலம்பகக் கொத்து ,த. சந்திரசேகரன் (தொகுப்பு) ,பிரபந்தம் - கலம்பகம்
807,தமிழ் நாடக வரலாறும்,அ. ச. ஞானசம்பந்தன்,நாடக வரலாறு
808,பாரதியும் பாரதிதாசனும்,அ. ச. ஞானசம்பந்தன்,ஆராய்ச்சிக் கட்டுரைகள்
809,சீவகசிந்தாமணி,  பாகம் 3 & 4 - மூலமும் ,திருத்தக்க தேவர்,காப்பியம் 
810,மங்களசாமி மாலை,சா.மாணிக்கவாசகம் & சா. சம்பந்தம்,செய்யுள் தொகுப்பு
811,சீவகசிந்தாமணி,  பாகம் 5 - மூலமும் ,திருத்தக்க தேவர்,காப்பியம் 
812,தமிழ் பழமொழிகள் தொகுப்பு,பெர்சிவால், பழமொழிகள் 
813,மாந்தருக்குள் ஒரு தெய்வம் ,கல்கி (ரா. கிருஷ்ணமூர்த்தி), மகாத்மா காந்தி வரலாறு 
814,பித்தளை அல்ல, பொன்னே தான்!,அறிஞர் அண்ணா (க. நா. அண்ணாதுரை),சிறுகதைகள்
815,ஓர் இரவு,அறிஞர் அண்ணா (க. நா. அண்ணாதுரை),நாடகம்
816,தூரன் கவிதைகள்,ம. ப. பெரியசாமித்தூரன்,கவிதை தொகுப்பு
817,கானகத்தின் குரல் (நாவல்) ,ஜாக் லண்டன் ,தமிழில் மொழிபெயர்ப்பு 
818,அடிமனம் ,ம. ப. பெரியசாமித்தூரன்,கட்டுரைகள்
819,மூன்று தமிழ் நாடகங்கள் :,தொகுப்பு: கி.வா. ஜகன்னாதன், நாடகங்கள்
820,தமிழ் இலக்கியக் கதைகள்,தீபம் நா. பார்த்தசாரதி,இலக்கியக் கதைகள்
821,எனது நாடக வாழ்க்கை - முதல் பாகம் ,அவ்வை தி.க. சண்முகம்,வரலாறு
822,1. அசோகர் கதைகள் (683_01) ,பாவலர் நாரா. நாச்சியப்பன்,சிறுவர்களுக்கான கதைகள்
823,1. அப்பம் தின்ற முயல் (684_01),பாவலர் நாரா. நாச்சியப்பன்,சிறுவர்களுக்கான கதைகள்
824,1. ஈரோட்டுத் தாத்தா (685_01),பாவலர் நாரா. நாச்சியப்பன்,கட்டுரைகள்
825,ரங்கோன் ராதா (நாவல்),அறிஞர் அண்ணா ,நாவல் - புதினம்
826,சான்றோர் தமிழ் ,சி. பாலசுப்பிரமணியன் (சிற்பி),இலக்கியக் கட்டுரைகள்
827,இந்திய சமுதாய வரலாற்றில் பெண்மை ,ராஜம் கிருஷ்ணன்,ஆராய்ச்சிக் கட்டுரைகள்
828,திருவள்ளுவர் ஆய்வுக்கான ஓர் அறிமுகம்,ஔவை துரைசாமி பிள்ளை,சொற்பொழிவு
829,குமரிக்கோட்டம் ,அறிஞர் அண்ணா ,குறுநாவல்
830,கோடுகளும் கோலங்களும்,ராஜம் கிருஷ்ணன்,சமூக நாவல்
831,உத்தரகாண்டம் ,ராஜம் கிருஷ்ணன்,சமூக நாவல்
832,ஞானக் குறவஞ்சி,பதிப்பாசிரியர் : வீ. சொக்கலிங்கம்,பிரபந்தம் - குறவஞ்சி
833,எறிபத்த நாயனார் சரித்திரக் கீர்த்தனை,வெங்கடசுப்பையர்,பிரபந்தம் - கீர்த்தனை
834,செய்யுளிலக்கணம் - கத்தியரூபம்,பூவை - கலியாணசுந்தர முதலியார்,இலக்கணம்
835,செவ்வாழை முதலிய ,அறிஞர் அண்ணா (க. நா. அண்ணாதுரை),சிறுகதைகள்
836,சிறு கதைகள் நான்கு,அறிஞர் அண்ணா (க. நா. அண்ணாதுரை),சிறுகதைகள்
837,சந்திரோதயம் ,அறிஞர் அண்ணா (க. நா. அண்ணாதுரை),நாடகம்
838,கலைஞரின் சிறுகதைகள் ,கலைஞர் மு. கருணாநிதி /ராஜா , சிறுகதைகள் -ஆங்கில மொழிபெயர்ப்பு 
839,வர்ணாஸ்ரமம்,அறிஞர் அண்ணா (க. நா. அண்ணாதுரை), கட்டுரைகள்
840,வாலைக் கும்மி,பதிப்பு இர. குமரவேல், பிரபந்தம் - கும்மி 
841,ஸ்ரீ குமரகுருபரஸ்வாமிகள் சரித்திரம் ,தி. மீனாட்சிசுந்தரம் பிள்ளை, பிரபந்தத் திரட்டு
842,ஸ்ரீ சிவஞானயோகிகள் சரித்திரம் ,தி. மீனாட்சிசுந்தரம் பிள்ளை, பிரபந்தத் திரட்டு
843,சித்திரச்சத்திரப் புகழ்ச்சிமாலை,தி. மீனாட்சிசுந்தரம் பிள்ளை, பிரபந்தத் திரட்டு /மாலை 
844,கச்சியப்பமுனிவர் பிரபந்தங்கள் - பகுதி 1 ,கச்சியப்ப முனிவர்,  பிரபந்தம் - பதிற்றுப்பத்தந்தாதி 
845,கச்சியப்பமுனிவர் பிரபந்தங்கள் - பகுதி 2 ,கச்சியப்ப முனிவர், பிரபந்தம் - அந்தாதி, தூது 
846,கச்சியப்பமுனிவர் பிரபந்தங்கள் - பகுதி 3 ,கச்சியப்ப முனிவர், பிரபந்தம் - அந்தாதி, ஆற்றுப்படை
847,திருநெல்வேலி காந்திமதியம்மை பிள்ளைத்தமிழ் ,வ. அழகியசொக்கநாத பிள்ளை, பிரபந்தம் - பிள்ளைத்தமிழ்
848,திருநெல்வேலி காந்திமதியம்மை கலித்துறை அந்தாதி,வ. அழகியசொக்கநாத பிள்ளை, பிரபந்தம் - அந்தாதி
849,வெள்ளோடு பெரியண்ணன் குறவஞ்சி,குமாரசாமிப் புலவர், பிரபந்தம் - குறவஞ்சி
850,Manimekalai  மணிமேகலை-  ,cIttalai cAttanAr- Kausalya Hart, காப்பியம் - மொழிபெயர்ப்பு
851,nAlaTiyAr நாலடியார்,G.U.Pope and F.W. Ellis, நீதிநெறி – பதினெண்கீழ்க்கணக்கு	
852,இலக்கிய அணிகள்,சி. பாலசுப்பிரமணியன் (சிற்பி), ஆராய்ச்சிக் கட்டுரைகள்	
853,அலை தந்த ஆறுதல்,சி. பாலசுப்பிரமணியன் (சிற்பி),சிறுகதைகள் - நாடகங்கள் 
854,வீரவநல்லூர் மரகதவல்லியம்மை பிள்ளைத்தமிழ் ,வீரை. சு. பழனிக்குமாரு பண்டாரம்,பிரபந்தம் - பிள்ளைத்தமிழ் 
855,கடல் கடந்த நட்பு /ஜூடி & லட்சுமி,நயோமி மிச்சிஸன் -ம. பெரியசாமித்தூரன் , நாவல் - மொழிபெயர்ப்பு 
856,எட்டு நாட்கள் (கட்டுரைகள்)  ,அறிஞர் அண்ணா (கா. ந. அண்ணாதுரை),கட்டுரைகள்
857,கோமளத்தின் கோபம் (சிறுகதைகள்),அறிஞர் அண்ணா (கா. ந. அண்ணாதுரை),சிறுகதைகள்
858,பார்வதி பி.ஏ. (புதினம்),அறிஞர் அண்ணா (கா. ந. அண்ணாதுரை),புதினம் - நாவல் 
859,இருளும் ஒளியும் (நாவல்),ஸரோஜா ராமமூர்த்தி ,புதினம் - நாவல் 
860,முத்துச் சிப்பி  (நாவல்),ஸரோஜா ராமமூர்த்தி ,புதினம் - நாவல் 
861,அறிவுக் கதைகள் நூறு,கி. ஆ. பெ. விசுவநாதம்,சிறுவர்களுக்கான கதைகள்
862,திருக்குறள் கட்டுரைகள்,கி. ஆ. பெ. விசுவநாதம்,சிறுவர்களுக்கான கட்டுரைகள்
863,ஐந்து செல்வங்கள் (கட்டுரைகள்),கி. ஆ. பெ. விசுவநாதம்,சிறுவர்களுக்கான கட்டுரைகள்
864,இந்திய இலக்கியச் சிற்பிகள் : ,ச. சாம்பசிவனார்,வரலாறு / சரித்திரம்
865,இந்திய இலக்கியச் சிற்பிகள் : ,கி.வா. ஜகந்நாதன்,வரலாறு / சரித்திரம்
866,இந்திய இலக்கியச் சிற்பிகள் : ,தமிழண்ணல் (இராம. பெரியகருப்பன்),வரலாறு / சரித்திரம்
867,இந்திய இலக்கியச் சிற்பிகள் : ,தமிழண்ணல் (இராம. பெரியகருப்பன்),வரலாறு / சரித்திரம்
868,இந்திய இலக்கியச் சிற்பிகள் : ,நயனார் முகமது,வரலாறு / சரித்திரம்
869,சுப்பிரமணியக்கடவுள் க்ஷேத்திரக்கோவைப் பிள்ளைத் தமிழ் , (i) சிதம்பர முனிவர்; (ii)  சின்னப்ப நாயக்கர்,பிரபந்தம் - பிள்ளைத்தமிழ் 
870,கலிங்கத்துப் பரணி ,சயங்கொண்டார் & கௌசல்யா ஹார்ட் ,ஆங்கில மொழிபெயர்ப்பு
871,வாடா மல்லி (நாவல், 2 பாகங்களாக),சு. சமுத்திரம்,நாவல் - புதினம்
872,வளர்ப்பு மகள் (நாவல்),சு. சமுத்திரம்,நாவல் - புதினம்
873,சாமியாடிகள் (நாவல், 2 பாகங்களாக),சு. சமுத்திரம்,நாவல் - புதினம்
874,ஒரு கோட்டுக்கு வெளியே (நாவல்),சு. சமுத்திரம்,நாவல் - புதினம்
875,திருமுருகாற்றுப்படை - மூலமும் ,நக்கீரர் /வையாபுரி பிள்ளை,சங்ககாலம் - பத்துப்பாட்டு
876,சிந்தனையாளர் மாக்கியவெல்லி,நாரா. நாச்சியப்பன்,வரலாற்றுக் கட்டுரைகள்
877,கடல்வீரன் கொலம்பஸ்,நாரா. நாச்சியப்பன்,வரலாற்றுக் கட்டுரைகள்
878,சங்கரன்கோயில் கோமதியம்மை பிள்ளைத் தமிழ்,முத்துவீரக் கவிராயர்,பிரபந்தம் - பிள்ளைத்தமிழ்
879,மங்களேசுவரி பிள்ளைத்தமிழ்,வி. மு. சுப்பிரமணிய ஐயர் குறிப்புரையுடன்,பிரபந்தம் - பிள்ளைத்தமிழ்
880,தஞ்சை வெள்ளைப் பிள்ளையார் குறவஞ்சி,ஆசிரியர்  தெரியவில்லை,பிரபந்தம் - குறவஞ்சி
881,பஞ்ச தந்திரக் கதைகள்,பாவலர் நாரா. நாச்சியப்பன்,சிறுவர்களுக்கான கதைகள்
882,தாவிப் பாயும் தங்கக் குதிரை ,பாவலர் நாரா. நாச்சியப்பன்,சிறுவர்களுக்கான கதைகள்
883,ஔவையார் பாடல்கள் (4) ,ஆறுமுக நாவலர்,நீதி நூல்கள்
884,ஒளவையார் செய்தருளிய ஞானக்குறள் ,ஒளவையார், வடிவேலு முதலியார்,நீதி நூல்கள்
885,ஒளவையார் தனிப்பாடல்கள்,ஒளவையார், புலியூர்க் கேசிகன்,நீதி நூல்கள்
886,சிவதத்துவ விவேகம் ,சிவஞான சுவாமிகள் மொழிபெயர்ப்பு,சமயம் - சைவம் -தமிழ் மொழிபெயர்ப்பு
887,சிவமஹிம்ந ஸ்தோத்திரம், ,கோவை கவியரசு கு. நடேச கவுண்டர்,,சமயம் - சைவம் -தமிழ் மொழிபெயர்ப்பு
888,தாயார் கொடுத்த தனம் ,நாமக்கல் வெ. இராமலிங்கம் பிள்ளை,வரலாற்றுக் கட்டுரைகள்
889,கம்பரும் வால்மீகியும்,நாமக்கல் வெ. இராமலிங்கம் பிள்ளை,இலக்கியக் கட்டுரைகள்
890,இந்திய இலக்கியச் சிற்பிகள் : ,திருப்பூர் கிருஷ்ணன்,வரலாறு / சரித்திரம்
891,சொர்ணபுரி அம்பிகை பிள்ளைத்தமிழ்,ஆக்கியோன் தெரியவில்லை,பிரபந்தம் - பிள்ளைத்தமிழ்
892,ஆதிபுரி வடிவுடையம்மை பிள்ளைத்தமிழ்.,வித்துவான் கனகசபைத்தம்பிரான்,பிரபந்தம் - பிள்ளைத்தமிழ்
893,மணிமேகலை ஆராய்ச்சி,ஔவை. சு. துரைசாமிப் பிள்ளை,காப்பியம் - ஆராய்ச்சி
894,பிரபந்தத்திரட்டு - பகுதி 37 /வியாசைக்கோவை ,தி. மீனாட்சிசுந்தரம் பிள்ளை,பிரபந்தம்  - கோவை 
895,Manimekalai (Tamil Classics in English,A Madhavaiah,காப்பியம் - மொழிபெயர்ப்பு
896,மேனகா ( நாவல்) - முதல் பாகம்,வடுவூர் கே. துரைசாமி ஐயங்கார்,நாவல் - புதினம்
897,மாஜி கடவுள்கள் ,அறிஞர் அண்ணா (கா. ந. அண்ணாதுரை),கட்டுரைகள் 
898,கபோதிபுரத்துக் காதல்,அறிஞர் அண்ணா (கா. ந. அண்ணாதுரை),குறும் புதினம் - குறுநாவல்
899,நிலையும் நினைப்பும் & ஏ, தாழ்ந்த தமிழகமே!,அறிஞர் அண்ணா (கா. ந. அண்ணாதுரை),சொற்பொழிவுகள்
900,அண்ணாவின் நாடகங்கள் (6),அறிஞர் அண்ணா (கா. ந. அண்ணாதுரை),நாடகங்கள்
901,அண்ணாவின் நாடகங்கள் (2),அறிஞர் அண்ணா (கா. ந. அண்ணாதுரை),நாடகங்கள்
902,பிரபந்தத்திரட்டு - பகுதி 38 /குளத்தூர்க்கோவை.,தி. மீனாட்சிசுந்தரம் பிள்ளை,பிரபந்தம்  - கோவை 
903,அரிச்சந்திரன் கும்மி,அனுமந்தராயன்,பிரபந்தம்  - கும்மி
904,1. சிதம்பரக்கும்மி.,1. திருப்போரூர் டி. கோபால் நாயகர்  ,பிரபந்தம்  - கும்மி
905,திரு ஆனைக்கா உலா,காளமேகப் புலவர் ,பிரபந்தம்  - உலா
906,1. சீகாழி திருநிலைநாயகி பிள்ளைத்தமிழ்,1. கவியரசு. கு. நடேசகவுண்டர் ,பிரபந்தம்  - பிள்ளைத்தமிழ், மாலை 
907,1. மாயூரம் துலா காவேரி கும்மி,1. சிறுமணவூர் முனிசாமி முதலியார்,பிரபந்தம்  - கும்மி 
908,1. திருவண்ணாமலை வல்லாளமகாராஜன் சரித்திரக்கும்மி,1. சிறுமணவூர் முனிசாமி முதலியார்,பிரபந்தம்  - கும்மி 
909,வாட்போக்கி என்னும் "இரத்தினகிரியுலா",சேறைக் கவிராசபிள்ளை ,பிரபந்தம் - உலா 
910,புறநானூற்றுச் சிறுகதைகள்,முல்லை பிஎல். முத்தையா, சிறுகதைகள் - மாணவர்களுக்கு
911,1. ஆலமும் அமுதமும் (கட்டுரைகள்),வி. கலியாணசுந்தரனார்,கட்டுரைகள், சொற்பொழிவு
912,தமிழ்க்கலை (சொற்பொழிவுகள்),திரு. வி. கலியாண சுந்தரனர், சொற்பொழிவுகள்
913,நாயன்மார் திறம்,திரு. வி. கலியாண சுந்தரனர், கட்டுரைகள் 
914,திருமுருகாற்றுப்படை- மூலமும் உரையும்,நக்கீரர், சுந்தர சண்முகனார்,சங்ககாலம் - பத்துப்பாட்டு 
915,இனியவை நாற்பது - இனிய உரை,பூதன் சேந்தனார், சுந்தர சண்முகனார்,நீதிநெறி – பதினெண்கீழ்க்கணக்கு
916,இலக்கியத்தில் வேங்கட வேலவன்,சுந்தர சண்முகனார்,கட்டுரைகள்
917,நல்வழி - நயஉரை,ஒளவையார், சுந்தர சண்முகனார்,நீதிநெறி நூல் 
918,நாலடியார் நயவுரை,சுந்தர சண்முகனார்,நீதிநெறி நூல் 
919,இயல் தமிழ் இன்பம்,சுந்தர சண்முகனார், ஆய்வுக் கட்டுரைகள்
920,புத்தர் பொன்மொழி நூறு (செய்யுள் நூல்),சுந்தர சண்முகனார், செய்யுள் நூல்
921,தனித் தமிழ்க் கிளர்ச்சி  (அம்மானை நூல்),சுந்தர சண்முகனார், பிரபந்தம் - அம்மானை
922,கடையம் (வளைசை) கலியாணியம்மை பிள்ளைத்தமிழ்,திருப்புலியூர் அழகிய திருச்சிற்றம்பல தேசிகர், பிரபந்தம் - பிள்ளைத்தமிழ்
923,வயிரவன் கோவில் வடிவுடையம்மை பிள்ளைத்தமிழ்,சேந்தன்குடி வி. நடராச கவிராயரவர்கள், பிரபந்தம் - பிள்ளைத்தமிழ்
924,முன்னீச்சரத்து ஸ்ரீவடிவாம்பிகை பிள்ளைத்தமிழ்,சொக்கன், பிரபந்தம் - பிள்ளைத்தமிழ்
925,திருக்கேதீச்சரத்துக் கௌரிநாயகி பிள்ளைத்தமிழ்,சி. இ. சதாசிவம்பிள்ளை, பிரபந்தம் - பிள்ளைத்தமிழ்
926,பெண்ணின் பெருமை,திரு வி. கலியாணசுந்தர முதலியார்,கட்டுரைகள்
927,அம்பிகாபதி காதல் காப்பியம்,சுந்தர சண்முகனார்,காப்பியம் 
928,புது வெள்ளம் (சங்கநூற் காட்சிகள்),கி. வா. ஜகந்நாதன்,இலக்கியக் கட்டுரைகள் 
929,கிருஸ்தவத் தமிழ்த் தொண்டர்,ரா. பி. சேதுப் பிள்ளை,கட்டுரைகள் - வரலாறு 
930,முதற் குலோத்துங்க சோழன்,T. V. சதாசிவ பண்டாரத்தார்,வரலாறு - சரித்திரம்
931,குறட் செல்வம்,குன்றக்குடி அடிகள்,நீதிநெறி – பதினெண்கீழ்க்கணக்கு 
932,கம்பன் கண்ட ஆட்சியில் -அரசியல் சமூகம் (சொற்பொழிவு),குன்றக்குடி அடிகள்,ஆராய்ச்சிக் கட்டுரைகள் 
933,சமுதாய மறுமலர்ச்சி இலக்கியங்கள் ,குன்றக்குடி அடிகள்,ஆராய்ச்சிக் கட்டுரைகள் 
934,திருவாசகத் தேன்,குன்றக்குடி அடிகள்,சமயம் - சைவம், ஆராய்ச்சிக் கட்டுரைகள் 
935,சிந்தனைத் துளிகள்,குன்றக்குடி அடிகள்,ஆராய்ச்சிக் கட்டுரைகள் 
936,குலோத்துங்கன் பிள்ளைத்தமிழ்,ஒட்டக்கூத்தர் ,பிரபந்தம் - பிள்ளைத்தமிழ்
937,சிதம்பரக் குறவஞ்சி,பதிப்பாசிரியர் : மு. அருணாசலம் ,பிரபந்தம் - குறவஞ்சி
938,ஸ்ரீமத் இராமயண சரித்திரக் கும்மி ,கண்ணனூர் பத்மாஸனி அம்மாள் ,பிரபந்தம் - கும்மி
939,திருவள்ளுவமாலை,சங்கப் புலவர்கள்,பிரபந்தம் - மாலை
940,அனுபோக வெண்பா (உரையுடன்),அம்பலவாண தேசிகர் (திருவாவடுதுறை ஆதீனம்),பண்டார சாத்திரம்
941,உபதேச வெண்பா (உரையுடன்),அம்பலவாண தேசிகர் (திருவாவடுதுறை ஆதீனம்),பண்டார சாத்திரம்
942,தசகாரியங்கள் 3 (உரையுடன்),அம்பலவாண தேசிகர், தட்சிணாமூர்த்தி தேசிகர் ,பண்டார சாத்திரம்
943,சன்மார்க்க சித்தியாரும் & ,அம்பலவாண தேசிகர்  (திருவாவடுதுறை ஆதீனம்),பண்டார சாத்திரம்
944,உபாயநிட்டை வெண்பா & ,அம்பலவாண தேசிகர்  (திருவாவடுதுறை ஆதீனம்),பண்டார சாத்திரம்
945,நமச்சிவாய மாலை (804_01) ,அம்பலவாண தேசிகர்  (திருவாவடுதுறை ஆதீனம்),பண்டார சாத்திரம்
946,சித்தாந்த சிகாமணி  (805_01) ,அம்பலவாண தேசிகர்  (திருவாவடுதுறை ஆதீனம்),பண்டார சாத்திரம்
947,திரிபதார்த்தருபாதி தசகாரிய அகவல் & சிவபோகசாரம்,குருஞானசம்பந்த தேசிக சுவாமிகள்,பண்டார சாத்திரம்
948,காலந்தோறும் பெண் (பாகம் 1 , 807_01),ராஜம் கிருஷ்ணன்,சமூகவியல் ஆய்வு
949,புதிய திரிபுரங்கள்‌ (808_01),சு. சமுத்திரம்‌,குறுநாவல்
950,வளர்ப்பு மகள் (இரண்டு பாகங்களாக),சு. சமுத்திரம்‌,நாவல் - புதினம்
951,மூட்டம்,சு. சமுத்திரம்,நாவல் - புதினம்
952,ஒரு சத்தியத்தின் அழுகை,சு. சமுத்திரம்,சிறுகதைகள்
953,ஒத்தை வீடு & புதைமண்,சு. சமுத்திரம்,குறுநாவல்கள்
954,'என் பார்வையில் கலைஞர்' (இரண்டு பாகங்களாக),சு. சமுத்திரம்‌,வாழ்க்கை வரலாறு
955,உஷா கல்யாணக்கும்மி ,திருவல்லிக்கேணி குமாரத்தி வேதம்மாள்,பிரபந்தம் -கும்மி 
956,கோவர்த்தனக் கும்மி,திருவேங்கடம் அம்மாள் ,பிரபந்தம் -கும்மி
957,நளச்சக்கரவர்த்தி கும்மி ,வீரராகவதாஸர்,பிரபந்தம் -கும்மி 
958,ஸ்ரீஜானகி ஸ்வயம்வரக்கும்மி,ஸ்ரீரங்கம் ரங்கநாயகி அம்மாள்,பிரபந்தம் -கும்மி 
959,பாரதிக்குப்பின் தமிழ் உரைநடை,வல்லிக்கண்ணன்,இலக்கிய பகுப்பாய்வு
960,குமரேச சதகம் - ஆங்கில மொழிபெயர்ப்பு ,குருபாத தாசர் - கௌசல்யா ஹார்ட் / kurupAta tAcar - Kausalya Hart, பிரபந்தம்  - மொழிபெயர்ப்பு
961,மணிமேகலைச் சுருக்கம்(பாகம் 1, 2) ,ஔவை. சு. துரைசாமிப் பிள்ளை‌,காப்பியம் 
962,இந்திர மயம்  (819_01) ,சு. சமுத்திரம்‌‌,சிறுகதைகள் - தொகுப்பு 
963,உள்ளொளி (இரண்டு பாகங்களாக),திரு. வி. கலியாணசுந்தரனார்,சொற்பொழிவு/ கட்டுரைகள் 
964,திருக்கதிரகாமப் பிள்ளைத்தமிழ் ,சிவங் கருணாலய பாண்டியப் புலவர், பிரபந்தம் - பிள்ளைத்தமிழ்
965,திருக்கோகர்ணம் பெரியநாயகி பிள்ளைத் தமிழ் ,கவிராஜ பண்டித நா. கனகராஜய்யர் , பிரபந்தம் - பிள்ளைத்தமிழ்
966,அரும்பாத்தை வேதவிநாயகர் பிள்ளைத்தமிழ் (குறிப்புரையுடன்),.... , பிரபந்தம் - பிள்ளைத்தமிழ்
967,2. வைகுந்தநாதன் பிள்ளைத்தமிழ் ,.... , பிரபந்தம் - பிள்ளைத்தமிழ்
968,3. இராகவர் பிள்ளைத்தமிழ் ,.... , பிரபந்தம் - பிள்ளைத்தமிழ்
969,4. தில்லை சிவகாமியம்மை பிள்ளைத் தமிழ்,.... , பிரபந்தம் - பிள்ளைத்தமிழ்
970,5. புதுவை திரிபுரசுந்தரி பிள்ளைத் தமிழ்,.... , பிரபந்தம் - பிள்ளைத்தமிழ்
971,6. தூத்துக்குடி பாகம்பிரியாவம்மை பிள்ளைத்தமிழ்,.... , பிரபந்தம் - பிள்ளைத்தமிழ்
972,7. சிவானந்தன் பிள்ளைத்தமிழ் (குறிப்புரையுடன்),.... , பிரபந்தம் - பிள்ளைத்தமிழ்
973,"சோணசைலமாலை" (குறிப்புரையுடன்),துறைமங்கலம் சிவப்பிரகாச சுவாமிகள், பிரபந்தம் - மாலை
974,திருச்செந்தில் நிரோட்டக யமகவந்தாதி (குறிப்புரையுடன்),துறைமங்கலம் சிவப்பிரகாச சுவாமிகள், பிரபந்தம் - அந்தாதி
975,திருவெங்கைக்கோவை  (குறிப்புரையுடன்),துறைமங்கலம் சிவப்பிரகாச சுவாமிகள், பிரபந்தம் - கோவை
976,திருவெங்கைக் கலம்பகம்  (குறிப்புரையுடன்),துறைமங்கலம் சிவப்பிரகாச சுவாமிகள், பிரபந்தம் - கலம்பகம் 
977,திருவெங்கையுலா,துறைமங்கலம் சிவப்பிரகாச சுவாமிகள்,பிரபந்தம் - உலா
978,ஸ்ரீ சிவஞானபாலைய தேசிகர் கலம்பகம் (குறிப்புரையுடன்),துறைமங்கலம் சிவப்பிரகாச சுவாமிகள், பிரபந்தம் - கலம்பகம் 
979,ஸ்ரீ சிவஞானபாலையசுவாமிகள் பிள்ளைத்தமிழ் (குறிப்புரையுடன்),துறைமங்கலம் சிவப்பிரகாச சுவாமிகள், பிரபந்தம் - பிள்ளைத்தமிழ் 
980,ஸ்ரீ சிவஞானபாலைய சுவாமிகள் நெஞ்சுவிடுதூது,துறைமங்கலம் சிவப்பிரகாச சுவாமிகள், பிரபந்தம் - தூது 
981,சிவப்பிரகாச சுவாமிகள் வாழ்க்கை வரலாறும் நூல்கள்களும் ,துறைமங்கலம் சிவப்பிரகாச சுவாமிகள்,வாழ்க்கை வரலாறு 
982,ஸ்ரீ சிவஞானபாலைய சுவாமிகள் தாலாட்டு & ,துறைமங்கலம் சிவப்பிரகாச சுவாமிகள்,பிரபந்தம் - தாலாட்டு 
983,நெற்றிக் கண் (2 பாகங்களாக) ,தீபம் நா. பார்த்தசாரதி,நாவல் / புதினம்
984,மூலக் கனல் (2 பாகங்களாக) ,தீபம் நா. பார்த்தசாரதி,நாவல் / புதினம் 
985,அனிச்ச மலர்  (2 பாகங்களாக) ,தீபம் நா. பார்த்தசாரதி,நாவல் / புதினம்
986,கயிலாசநாதர் சதகம் ,சிதம்பரம் பிள்ளை ,பிரபந்தம்  - சதகம் 
987,அண்ணாமலைச் சதகம் ,திருச்சிற்றம்பல நாவலர்  ,பிரபந்தம்  - சதகம் 
988,அவையாம்பிகை சதகம்,மாயூரம் - நல்லதுக்குடி கிருஷ்ணையர்  ,பிரபந்தம்  - சதகம் 
989,திருவேங்கட சதகம்,வெண்மணி நாராயண பாரதியார் ,பிரபந்தம்  - சதகம் 
990,அருணாசல சதகம்,காஞ்சிபுரம் சபாபதி முதலியார் ,பிரபந்தம்  - சதகம் 
991,எம்பிரான் சதகம்,கோபாலகிருஷ்ணதாசர் ,பிரபந்தம்  - சதகம் 
992,கோவிந்த சதகம்,நாராயணபாரதியார்,பிரபந்தம்  - சதகம் 
993,தொண்டைமண்டல சதகம்,படிக்காசுப்புலவர் ,பிரபந்தம்  - சதகம் 
994,வடவேங்கட நாராயண சதகம்,திவ்யகவி நாராயணதாசரவர்கள்,பிரபந்தம்  - சதகம் 
995,திருத்தொண்டர் சதகம்,மலைக்கொழுந்து நாவலர் ,பிரபந்தம்  - சதகம் 
996,சேது பர்வதவர்த்தனியம்மை பிள்ளைத்தமிழ்,அருணாசலக் கவிராயர்,பிரபந்தம்  - பிள்ளைத்தமிழ்
997, சிவமலைப் பிள்ளைத்தமிழ்,பெயர் தெரியவில்லை ,பிரபந்தம்  - பிள்ளைத்தமிழ்
998,மீனாக்ஷி சுந்தரேஸ்வரர் திருவிளையாடல் கோலாட்டக் கும்மி,இராமசுவாமி ஐயர்,பிரபந்தம்  - கும்மி
999,ஞானக்கும்மி,மதுரை வாலைசாமி சித்தர்ர்,பிரபந்தம்  - கும்மி - சித்தர் பாடல்கள்
1000,ஸ்ரீ மாரியம்மன் திருவருட் பதிகம் ,நாராயணசாமி பண்டிதர்,பிரபந்தம்  - சிந்து, கும்மி
1001,சகுந்தலாசரித்திரமென்னும் துஷ்யந்த நாடக கும்மி,கும்பகோணம் சுந்தரம்மாள்,பிரபந்தம்  -  கும்மி
1002,நாலு மந்திரி கும்மி,சின்னத்தம்பி,பிரபந்தம்  -  கும்மி
1003,சித்தர் பாடல்கள் (தொகுப்பு - 8),பாம்பாட்டிச் சித்தர், சங்கிலிச் சித்தர் &,சித்தர் பாடல்கள்
1004,சித்தர் பாடல்கள் (தொகுப்பு - 9),மௌனச்சித்தர், புண்ணாக்குச் சித்தர், ,சித்தர் பாடல்கள்
1005,காகபுசுண்டர் ஞானம், அகஸ்தியர் ஞானம், ,சித்தர்கள்  ,சித்தர் பாடல்கள்
1006,போற்றித் திரு அகவல் ,எ . ஆ. கிருஷ்ண பிள்ளை ,பிரபந்தம் -  அகவல்
1007,இன்பரச ஒப்பாரி  (PM 0861_01) ,தங்கமுத்துதாஸ்‌ ,பிரபந்தம் -   ஒப்பாரி
1008,தெய்வலோக ஒப்பாரி  (PM 0862_01),தங்கமுத்துதாஸ்‌ ,பிரபந்தம் -   ஒப்பாரி
1009,மங்கையர்க் குகந்த மனோன்மணி ஒப்பாரி (PM 0863_01)
		சிங்கப்பூர் ஒப்பாரி  (PM0863_02),தங்கமுத்துதாஸ்‌ ,பிரபந்தம் -   ஒப்பாரி
1010,மன்மதன் ஒப்பாரி,? ,பிரபந்தம் -   ஒப்பாரி
1011,கொங்கு மண்டல சதகம்,கார்மேகக் கவிஞர்  ,பிரபந்தம் - சதகம்
1012,சிவசங்கர சதகம்,எழுமூர் வீராசாமி உபாத்தியாயர் ,பிரபந்தம் - சதகம்
1013,குருநாத சதகம்,கருணையா நந்தசுவாமிகள்  ,பிரபந்தம் - சதகம்
1014,நந்தமண்டல சதகம் (உரையுடன்),காஞ்சிபுரம் மாத்ரு பூதையரவர்கள் ,பிரபந்தம் - சதகம்
1015,இணுவில் செகராசப்பிள்ளையார் பிள்ளைத் தமிழ்,ச.வே. பஞ்சாட்சரம்,பிரபந்தம் - பிள்ளைத் தமிழ்
1016,குமரதாலாட்டு, ,திருப்போரூர் டி. கோபால் நாயகர் அவர்களாற்றமது,பிரபந்தம் - தாலாட்டு
1017,ஆண் பெண் தர்க்க அதிசய அலங்காரம்,முத்துசாமி பாண்டியர் ,பிரபந்தம் - அலங்காரம்
1018,அநுமார் பிள்ளைத்தமிழ்,சீர்காழி அருணாசலக் கவிராயர்,பிரபந்தம் - பிள்ளைத் தமிழ்
1019,வத்ஸலாவின் வாழ்க்கை (சிறுகதைகள்),சாவி (எஸ். விஸ்வநாதன்),சிறுகதைகள்
1020,சிவகாமியின் செல்வன் ,சாவி (எஸ். விஸ்வநாதன்),வாழ்க்கை வரலாறு
1021,குறிஞ்சித் திட்டு,பாவேந்தர் பாரதிதாசன்,கவிதைகள்
1022,தேனருவி,பாவேந்தர் பாரதிதாசன்,கவிதைகள் தொகுப்பு
1023,முல்லைக்காடு,பாவேந்தர் பாரதிதாசன்,கவிதைகள் தொகுப்பு
1024,கண்ணகி புரட்சிக் காப்பியம் ,பாவேந்தர் பாரதிதாசன்,கவிதைகள் 
1025,மணிமேகலை வெண்பா,பாவேந்தர் பாரதிதாசன்,கவிதைகள் 
1026,திருப்பேரூர் பச்சை நாயகியாரூசல்,கோயமுத்தூர் கந்தசாமி முதலியார்,பிரபந்தம் - ஊசல்
1027,ஸ்ரீரங்க நாயகர் பேரில் திருஊசல்,சண்முக சுவாமி (தொகுப்பு),பிரபந்தம் - ஊசல்
1028,ஸ்ரீசீரங்க நாயகரூசல்,பிள்ளைப்பெருமாளையங்கார் ,பிரபந்தம் - ஊசல்
1029,சீரங்கநாயகியாருசல் ,கோனேரியப்பவனயங்கார்,பிரபந்தம் - ஊசல்
1030,முன்னநாதேஸ்வரர் திருவூஞ்சல் ,  ,பிரபந்தம் -ஊஞ்சல்
1031,ஊரெழு மீனாட்சி திரு ஊஞ்சல்,பண்டிதர் சங்கர குமரேசையா,பிரபந்தம் - ஊஞ்சல்
1032,திருச்செங்கோட்டுக் குமரர் பிள்ளைத்தமிழ், ,பிரபந்தம் - பிள்ளைத் தமிழ்
1033,பொன்னியின் செல்வன் - ஆங்கில மொழிபெயர்ப்பு , கல்கி கிருஷ்ணமூர்த்தி ,நாவல் - புதினம் ; மொழிபெயர்ப்பு
1034,காதல் பாடல்கள்,பாவேந்தர் பாரதிதாசன்,கவிதைகள் தொகுப்பு
1035,கற்கண்டு, பொறுமை கடலினும் , பாவேந்தர் பாரதிதாசன் ,நாடகம்
1036,சத்திமுத்தப் புலவர்,பாவேந்தர் பாரதிதாசன் ,நாடகம்
1037,வேங்கையே எழுக,பாவேந்தர் பாரதிதாசன்,கவிதைகள் தொகுப்பு
1038,புதினங்கள் (அன்னை, விஞ்ஞானி, ,பாவேந்தர் பாரதிதாசன்,நாவல் / புதினம்
1039,பாஞ்சாலி சபதம்: இரண்டாம் பாகம் (சருக்கம் 3-5),சி. சுப்ரமணிய பாரதியார்,பாடல்கள் / கவிதைகள்
1040,அவிநயத் திரட்டு ,மயிலை சீனிவேங்கடசாமி தொகுப்பு,பாடல்கள் / கவிதைகள்
1041,நற்றிணை - ஆங்கில மொழிபெயர்ப்பு, (பாடல்கள் 1-200) ,அ. தட்சிணாமூர்த்தி / A. Dakshinamurthy,எட்டுத்தொகை, ஆங்கில மொழிபெயர்ப்பு
1042,வீரவனப் புராணம்,சாமி நாத அய்யர் தொகுப்பு,புராணம்
1043,புதுமைப்பித்தன் கவிதைகள்,புதுமைப்பித்தன் / ரகுநாதன் தொகுப்பு,பாடல்கள் / கவிதைகள்
1044,அளகாபுரி உமையம்பிகை பிள்ளைத் தமிழ்,திரிசிரபுரம் சி. தியாகராசசெட்டியார்,பிரபந்தம் - பிள்ளைத்தமிழ்
1045,மயிலம் ஸ்ரீ முருகன் பிள்ளைத் தமிழ்,திருவாரூர் வைத்தியநாத தேசிகர்,பிரபந்தம் - பிள்ளைத்தமிழ்
1046,அறம்வளர்த்த நாயகி பிள்ளைத் தமிழ், தெய்வசிகாமணிக் கவிராயர் ,பிரபந்தம் - பிள்ளைத்தமிழ்
1047,மதுரை மீனாட்சியம்மை கலிவெண்பா, திருப்போரூர் ஸ்ரீ சிதம்பர சுவாமிகள் ,பிரபந்தம் -கலிவெண்பா
1048,ஸ்ரீநடேசர் கலிவெண்பா , தேவநாம இராம மாணிக்க வாசகன்,பிரபந்தம் -கலிவெண்பா
1049,மூவர் அம்மானை, திருவெண்காடு ஆறுமுக சுவாமிகள் தொகுப்பு ,பிரபந்தம் - அம்மானை
1050,அடிமுடி தேடிய அரியயன் சண்டை அம்மானை, செஞ்சி ஏகாம்பர முதலியார் ,பிரபந்தம் - அம்மானை
1051,மாணிக்க வாசகர் அம்மானை, சங்கரமூர்த்திப் புலவர் ,பிரபந்தம் - அம்மானை
1052,வண்ணத் திரட்டு,தி. வே. கோபாலய்யர் தொகுப்பு ,பிரபந்தம் - வண்ணம்
1053,முத்தமிழ் வளர்த்த முனிவர்கள்,அ.க. நவநீத கிருட்டிணன் ,இலக்கியக் கட்டுரைகள்
1054,அவள் விழித்திருந்தாள் ( நாவல்),அ.க. நவநீத கிருட்டிணன் ,நாவல் - புதினம்
1055,பிள்ளையார் கதை,சுன்னாகம் வரத பண்டிதர்  ,பாடல்கள் / கவிதைகள்
1056,இந்தியச் சரித்திரக் கும்மி,யோகி ஸ்ரீ சுத்தானந்த பாரதியார்   ,பிரபந்தம் - கும்மி 
1057,பார்வதி கல்யாணக்கும்மி,இலஞ்சி பிரம்மஸ்ரீ றாமுஅம்மாள்  ,பிரபந்தம் - கும்மி 
1058,உருக்குமணி கலியாணக்கும்மி,எம். ஆர். ஸ்ரீனிவாஸய்யங்கார்  ,பிரபந்தம் - கும்மி 
1059,1. விநாயகர் அகவல் ,1. ஒளவையார்  ; 2. அருணகிரிநாதர் &  3. நக்கீரதேவர் ,பிரபந்தம் - அகவல்  
1060,புலியூர் வெண்பா,மாரிமுத்துப்பிள்ளையவர்கள்  ,பிரபந்தம் - வெண்பா 
1061,வேதாந்தக் கும்மி,கண்டனூர் முத்துராமையா,பிரபந்தம் - கும்மி 
1062,மட்டுவில் வீரகத்தி விநாயகர் பிள்ளைத்தமிழ்,நா. நல்லதம்பி ,பிரபந்தம் - பிள்ளைத்தமிழ் 
1063,நாரத ராமாயணம்,புதுமைப்பித்தன் ,காப்பியம்  
1064,புதுமைப்பித்தன் சிறுகதைகள்,புதுமைப்பித்தன் ,சிறுகதைகள்  
1065,புதுமைப்பித்தன் சிறுகதைகள்,புதுமைப்பித்தன் ,சிறுகதைகள்  
1066,கோவூர் கிழார்,கி. வா. ஜகந்நாதன்,இலக்கியக் கட்டுரைகள், வரலாறு 
1067,பாண்டியன் நெடுஞ்செழியன்,கி. வா. ஜகந்நாதன்,இலக்கியக் கட்டுரைகள், வரலாறு 
1068,கோகுல சதகம் ,பாலூர் அமிர்த கவிராயரவர்கள்,பிரபந்தம் - சதகம் 
1069,மதுரை மீனாட்சியம்மன் பதிகம்,திருப்போரூர் கோபால் நாயகர்,பிரபந்தம் - பதிகம்
1070,அசபா நடனப் பதிகம்,சிவஞானதேசிக பரமாசாரிய சுவாமிகள்,பிரபந்தம் - பதிகம்
1071,திருவல்லிக்கேணி அரசடிக் கற்பக வினாயகர் பதிகம் ,கோயமுத்தூர் சுப்பிரமணிய முதலியார்,பிரபந்தம் - பதிகம்
1072,நல்லைப் பதிகம் - 3, ? ,பிரபந்தம் - பதிகம்
1073,வளையாபதி அகவல்,யோகி ஸ்ரீ சுத்தானந்த பாரதியார்,பிரபந்தம் - அகவல் 
1074,தஞ்சை பெருவுடையார் மாலை,மு. கோ. இராமன் ,பிரபந்தம் - மாலை
1075,பாகம்பிரியாள் மாலை, வேம்பத்தூர் பிரமஸ்ரீ சர்க்கரைபாரதி ,பிரபந்தம் - மாலை
1076,தில்லைவெண்பாமாலை ,குமாரவேல் முதலியார் ,பிரபந்தம் - மாலை,  பதிகம்
1077,கூவலூர் மத்தியபுரி மரகதவல்லி மாலை , வெள்ளாங்கோயில் ப. செங்கோட முதலியார் ,பிரபந்தம் - மாலை, வண்ணம்
1078,வாக்கும் வக்கும்,புதுமைப்பித்தன்,கதை
1079,பாதையில் பதிந்த அடிகள் (2 பாகங்களாக),ராஜம் கிருஷ்ணன் ,சமூக நாவல்
1080,பெண் குரல் (2 பாகங்களாக),ராஜம் கிருஷ்ணன் ,சமூக நாவல்
1081,தமிழர் வரலாறும் பண்பாடும்,நா. வானமாமலை ,இலக்கியக் கட்டுரைகள்
1082,இந்திய நாத்திகமும் மார்க்சீயத் தத்துவமும்,நா. வானமாமலை ,ஆராய்ச்சிக் கட்டுரைகள்
1083,தீபாவளி வரிசை (நாடகம்),பம்மல் சம்பந்த முதலியார்,நாடகம்
1084,"என் சுயசரிதை" (வாழ்க்கை வரலாறு),பம்மல் சம்பந்த முதலியார்,வாழ்க்கை வரலாறு
1085,"சிறுத்தொண்டர்" (நாடகம்),பம்மல் சம்பந்த முதலியார்,நாடகம்
1086,நான் கண்ட நாடகக் கலைஞர்கள் ),பம்மல் சம்பந்த முதலியார்,கட்டுரைகள்
1087,திருமயிலைப் பிள்ளைத் தமிழ் ,?,பிரபந்தம் - பிள்ளைத் தமிழ், வெண்பா 
1088,சாமிநாத பூபதி பள்ளு,சுப்பய்யா பிள்ளை ,பிரபந்தம் - பள்ளு 
1089,திருவேரகம் சுவாமிநாதன் பிள்ளைத்தமிழ்,கோவை கு. நடேச கவுண்டர் ,பிரபந்தம் - பிள்ளைத்தமிழ்
1090,கண்டிக் கதிரேசன் சதகம்,திருமலையாண்டிக் கவிராயர்,பிரபந்தம் - சதகம் 
1091,வடிவேல் சதகம்,முத்துக்குமரன் ,பிரபந்தம் - சதகம் 
1092,ஆனந்த சாகரஸ்தவம்  (இன்பமாகடல்),கோவை கு. நடேச கவுண்டர் ,பிரபந்தம் 
1093,சீட்டுக்கவித் திரட்டு,பலவித்துவான்கள் ,பிரபந்தம் - சீட்டுக்கவி 
1094,வேலணையூர் முத்துமாரியம்மை பதிகங்கள்,பொ. செகந்நாதன் தொகுப்பு,பிரபந்தம் - பதிகம் 
1095,மதுரை மீனாட்சியம்மன் பேரில் அகவல்,கோபால்‌ நாயகர்‌ அவர்களாற்றமது,பிரபந்தம் - அகவல் 
1096,குண்டலகேசி அகவல்,சுத்தானந்த பாரதியார்,பிரபந்தம் - அகவல் 
1097,ஔவையாரின் “விநாயகர் அகவல்” -உரை ,த. ச. மீனாட்சிசுந்தரம் பிள்ளை ,பிரபந்தம் - அகவல் 
1098,செந்தூரகவல்,  வேங்கடேச அகவல் ,நா. பிச்சுமணி  ,பிரபந்தம் - அகவல் 
1099,திருவாரூர்ப் பள்ளு,கமலை ஞானப்பிரகாசர் ,பிரபந்தம் - பள்ளு 
1100,வள்ளிநாயகி சிற்றிலக்கியக் களஞ்சியம்,கம்பபாதசேகரன் இ. சங்கரன் தொகுப்பு ,பிரபந்தம் - பதிகம்,  கவசம், குறவஞ்சி,  
1101,”ஒட்டுமாஞ்செடி”,க. நா. அண்ணாதுரை,சொற்பொழிவுகள் 
1102,”நாடும் ஏடும்”,க. நா. அண்ணாதுரை,சொற்பொழிவுகள் 
1103,தம்பிக்கு அண்ணாவின் கடிதங்கள் - பாகம் 1,க. நா. அண்ணாதுரை,கடிதங்கள் /கட்டுரைகள் 
1104,வெள்ளை மாளிகையில்,க. நா. அண்ணாதுரை,நாவல் / புதினம்
1105,நற்றிணை - ஆங்கில மொழிபெயர்ப்பு, (பாடல்கள் 201-400) ,அ. தட்சிணாமூர்த்தி / A. Dakshinamurthy,எட்டுத்தொகை, ஆங்கில மொழிபெயர்ப்பு
1106,தண்டலையார் சதகம் / பழமொழி விளக்கம் (குறிப்புரையுடன்),படிக்காசு தம்பிரான்,பிரபந்தம் - சதகம்
1107,பழமொழி விளக்கம் - ஆங்கில மொழிபெயர்ப்பு,படிக்காசு தம்பிரான் / கௌசல்யா ஹார்ட்,பிரபந்தம் - சதகம், ஆங்கில மொழிபெயர்ப்பு 
1108,தில்லைப் பெருங்கோயில் வரலாறு,க. வெள்ளைவாரணனார்  ,வரலாறு - சரித்திரம்
1109,"இன்ப வாழ்வு" (பாலியல் ஆய்வு),சுந்தர சண்முகனார் ,ஆராய்ச்சிக் கட்டுரைகள்
1110,இலக்கியத் தூதர்கள்,அ. க. நவநீதகிருட்டிணன் ,இலக்கியக் கட்டுரைகள்
1111,மௌனப் பிள்ளையார்,சாவி (சா. விஸ்வநாதன்),சிறுகதைகள்
1112,சிரித்த நுணா,கவிஞர் வாணிதாசன்,கவிதைத் தொகுப்பு
1113,எழிலோவியம் ,கவிஞர் வாணிதாசன்,கவிதைத் தொகுப்பு
1114,தீர்த்த யாத்திரை ,கவிஞர் வாணிதாசன்,கவிதைக் கதை
1115,பொங்கற் பரிசு,கவிஞர் வாணிதாசன்,கவிதைத் தொகுப்பு
1116,இன்ப இலக்கியம்,கவிஞர் வாணிதாசன்,கவிதைத் தொகுப்பு
1117,தொடுவானம்,கவிஞர் வாணிதாசன்,கவிதைத் தொகுப்பு
1118,சிறுகதைகள் தொகுப்பு -6,க. நா. அண்ணாதுரை  (அறிஞர் அண்ணா) ,சிறுகதைகள் தொகுப்பு
1119,சிறுகதைகள் தொகுப்பு -5,க. நா. அண்ணாதுரை  (அறிஞர் அண்ணா) ,சிறுகதைகள் தொகுப்பு
1120,இரும்பு முள்வேலி ,க. நா. அண்ணாதுரை  (அறிஞர் அண்ணா) ,சரித்திரக் கட்டுரைகள்
1121,இரும்பு முள்வேலி ,க. நா. அண்ணாதுரை (அறிஞர் அண்ணா) ,சரித்திரக் கட்டுரைகள்
1122,பரிமள கேசவன் ,வை. மு. கோதைநாயகி அம்மாள்,துப்பறியும் நாவல்
1123,பரிமள கேசவன் ,வை. மு. கோதைநாயகி அம்மாள்,துப்பறியும் நாவல்
1124,கம்பரசம்,க. நா. அண்ணாதுரை (அறிஞர் அண்ணா),ஆராய்ச்சிக் கட்டுரைகள்
1125,பேரூர்க்கோவை,முத்துநயினாத்தை முதலியார்,பிரபந்தம் -கோவை 
1126,கச்சி இதழகல் அந்தாதி,திருமாகறல் கார்த்திகேய முதலியார்,பிரபந்தம் - அந்தாதி 
1127,அத்திகிரி வரதன் அந்தாதி மாலை,?,பிரபந்தம் - அந்தாதி 
1128,வடதிருமுல்லைவாயில் கொடியிடை அம்மை பிள்ளைத்தமிழ்,?,பிரபந்தம் - பிள்ளைத்தமிழ் 
1129,கோதை நாச்சியார் தாலாட்டு- ஆங்கில மொழிபெயர்ப்பு,? / கௌசல்யா ஹார்ட்,பிரபந்தம் -தாலாட்டு, ஆங்கில மொழிபெயர்ப்பு 
1130,மதுரைவீரன் அம்மானை,பதிப்பாசிரியர்: ம. சீராளன்,பிரபந்தம் - அம்மானை  
1131,அறநூல் தந்த அறிவாளர்,அ. க. நவநீதகிருட்டிணன் ,இலக்கியக் கட்டுரைகள்  
1132,முதற் குலோத்துங்க சோழன்,சதாசிவ பண்டாரத்தார், தி. வை. ,ஆராய்ச்சிக் கட்டுரைகள், சரித்திரக் கட்டுரைகள் 
1133,பதிகத்திரட்டு,சேலம் சுந்தர முதலியார்,பிரபந்தம் - பதிகம்   
1134,பச்சை நாயகியம்மை பிள்ளைத்தமிழ்,முத்து நைனாத்தை முதலியார்,பிரபந்தம் - பிள்ளைத்தமிழ் 
1135,கலிங்கத்துப்பரணி ஆராய்ச்சி ,ந. சுப்புரெட்டியார் ,பிரபந்தம் - பரணி,  ஆராய்ச்சி
1136,தமிழர் மதம் ,ஞா.தேவநேயப் பாவாணர்,ஆராய்ச்சிக் கட்டுரைகள்
1137,கோப்பெருந்தேவியர்,அ. க. நவநீதகிருட்டிணன் ,இலக்கியக் கட்டுரைகள்  
1138,புலியூரந்தாதி,மயில்வாகனப்‌ புலவர்‌ ,பிரபந்தம் -  அந்தாதி  
1139,பனித்துளி,சரோஜா ராமமூர்த்தி,சிறுகதைகள் 
1140,இலக்கியமும் கல்வெட்டுக்களும்,சதாசிவ பண்டாரத்தார், தி. வை. ,ஆராய்ச்சிக் கட்டுரைகள், சரித்திரக் கட்டுரைகள் 
1141,தமிழ் இலக்கிய வரலாறு (கி. பி. 250 - கி. பி. 600),சதாசிவ பண்டாரத்தார், தி. வை. ,ஆராய்ச்சிக் கட்டுரைகள், சரித்திரக் கட்டுரைகள் 
1142,திருப்பரங்கிரி முருகக் கடவுள் யமகப் பதிகம் & ,...,பிரபந்தம் - பதிகம்   
1143,திருமயிலைக் கபாலீசர் பதிகம் &,...,பிரபந்தம் - பதிகம்   
1144,புள்ளிருக்கு வேளூர் வைத்தீஸ்வரர் பதிகம், ,...,பிரபந்தம் - பதிகம்   
1145,பருவதவர்த்தனி அம்பாள் பதிகம்,பரமேஸ்வரன் ,பிரபந்தம் - பதிகம்   
1146,சித்திராங்கதை விலாசம்,பரசுராமக்கவிராயர் ,பிரபந்தம் - விலாசம் 
1147,விவேக சிந்தாமணி - ஆங்கில மொழிபெயர்ப்பு ,கௌசல்யா ஹார்ட் ,நீதிநெறி நூல்கள்	 
1148,வளையாபதி அகவல்  - ஆங்கில மொழிபெயர்ப்பு,யோகி சுத்தானந்த பாரதி /கௌசல்யா ஹார்ட்  ,பிரபந்தம் - அகவல்  
1149,வளையாபதி அகவல்  - ஆங்கில மொழிபெயர்ப்பு,யோகி சுத்தானந்த பாரதி /கௌசல்யா ஹார்ட்  ,பிரபந்தம் - அகவல்  
1150,இராமப்பய்யன் அம்மானை ,பேராசிரியர் வையாபுரிப்பிள்ளை தொகுப்பு ,பிரபந்தம் - அம்மானை	 
1151,சிற்றிலக்கியத் திரட்டு - ஆற்றுப்படை நூல்கள் (5) ,பேராசிரியர் வையாபுரிப்பிள்ளை தொகுப்பு ,பிரபந்தம் - ஆற்றுப்படை	 
1152,சிற்றிலக்கியத் திரட்டு - பாகம் 3 /உலா நூல்கள் (3) ,பேராசிரியர் வையாபுரிப்பிள்ளை தொகுப்பு ,பிரபந்தம் - ஆற்றுப்படை	 
1153,சிற்றிலக்கியத் திரட்டு - பாகம் 4,பேராசிரியர் வையாபுரிப்பிள்ளை தொகுப்பு ,பிரபந்தம் - கோவை 
1154,சிற்றிலக்கியத் திரட்டு - பாகம் 5a,பேராசிரியர் வையாபுரிப்பிள்ளை தொகுப்பு ,பிரபந்தம் - தூது 
1155,சிற்றிலக்கியத் திரட்டு - பாகம் 5B,பேராசிரியர் வையாபுரிப்பிள்ளை தொகுப்பு ,பிரபந்தம் - தூது 
1156,நால்வர் பிள்ளைத்தமிழ்,இராமன்(1), செங்கல்வராய பிள்ளை(2), ,பிரபந்தம் - பிள்ளைத்தமிழ் 
1157,திருவீழிமிழலை அழகியமாமுலையம்மை பிள்ளைத்தமிழ் ,கார்த்திகேயபுரம் காழி ஞான தேசிகர்,பிரபந்தம் - பிள்ளைத்தமிழ் 
1158, பிரபந்தத் திரட்டு -1, 2,பள்ளிகொண்டான் பிள்ளை ,பிரபந்தம் -மாலை
1159, பிரபந்தத் திரட்டு -3, 4,பள்ளிகொண்டான் பிள்ளை ,பிரபந்தம் -மாலை, கோவை.
1160,பூநாகம் (சிறுகதைகள்),சு. சமுத்திரம் ,சிறுகதைகள் 
1161,நயினை நாகபூஷணியம்மை பிள்ளைத்தமிழ் ,கரவை வ. சிவராசசிங்கம் ,பிரபந்தம் - பிள்ளைத்தமிழ் 
1162,பாரதியார் பாடல்கள் - ஆங்கில மொழிபெயர்ப்பு ,சி. சுப்ரமணிய பாரதியார் /தி. நா. இராமசந்திரன் (தொகுப்பு), ,கவிதைத் தொகுப்பு
1163,பாரதியார் பாடல்கள் - ஆங்கில மொழிபெயர்ப்பு ,சி. சுப்ரமணிய பாரதியார் /தி. நா. இராமசந்திரன் (தொகுப்பு), ,கவிதைத் தொகுப்பு
1164,பாரதியார் பாடல்கள் - ஆங்கில மொழிபெயர்ப்பு ,சி. சுப்ரமணிய பாரதியார் /தி. நா. இராமசந்திரன் (தொகுப்பு), ,கவிதைத் தொகுப்பு
1165,தாழம்பூ ( நாவல்), 2 பாகங்களாக.,சு. சமுத்திரம் ,நாவல்
1166,சி. வை. தாமோதரம் பிள்ளை அவர்கள் சரித்திரம்,T. A. ராஜரத்தினம் பிள்ளை ,சரித்திரம் / வாழ்க்கை வரலாறு
1167, பிரபந்தத் திரட்டு -5, 6,பள்ளிகொண்டான் பிள்ளை ,பிரபந்தம் -மாலை
1168, பிரபந்தத் திரட்டு - 7,பள்ளிகொண்டான் பிள்ளை ,பிரபந்தம் -மாலை
1169,பாரதியார் பாடல்கள் - ஆங்கில மொழிபெயர்ப்பு ,சி. சுப்ரமணிய பாரதியார் /தி. நா. இராமசந்திரன் (தொகுப்பு), ,கவிதைத் தொகுப்பு
1170,திருநாவுக்கரசர் தேவாரம் ,கௌசல்யா ஹார்ட் ,தேவாரம் 
1171,அருள் நெறி முழக்கம் (சொற்பொழிவுகள்),தவத்திரு குன்றக்குடி அடிகளார் ,நீதிநெறி நூல்கள்	 
1172,பொன்னியின் செல்வன் - ஆங்கில மொழிபெயர்ப்பு -பாகம் 4A , கல்கி கிருஷ்ணமூர்த்தி ,நாவல் - புதினம் ; மொழிபெயர்ப்பு
1173,பாரதியார் பாடல்கள் - ஆங்கில மொழிபெயர்ப்பு ,சி. சுப்ரமணிய பாரதியார் /தி. நா. இராமசந்திரன் (தொகுப்பு), ,கவிதைத் தொகுப்பு
1174,பாரதியார் பாடல்கள் - ஆங்கில மொழிபெயர்ப்பு ,சி. சுப்ரமணிய பாரதியார் /தி. நா. இராமசந்திரன் (தொகுப்பு), ,கவிதைத் தொகுப்பு
1175,அருணகிரி அந்தாதி,குகை நமசிவாய தேவர்,பிரபந்தம் -அந்தாதி 
1176,துறைசை மாசிலாமணி ஈசர் அந்தாதி,உ.வே. சாமிநாதையர்,பிரபந்தம் -அந்தாதி 
1177, "துரோகிச் சிந்து" ,சிறுமணவூர் முனிசாமி முதலியார் ,பிரபந்தம் -சிந்து 
1178, "கள்ளுகடைசிந்து என்னும் குடியர் சிந்து"  ,சிறுமணவூர் முனிசாமி முதலியார் ,பிரபந்தம் -சிந்து 
